n,seed,weight,method,iter,ip_total_s,ip_solve_s,gurobi_runtime_s
8,1,1.00,CG_IP,1,1.172650,1.151503,0.007458
8,1,1.00,CG_IP,2,0.019299,0.015090,0.001572
8,1,1.00,CG_IP,3,0.016365,0.014910,0.002460
8,1,1.00,CG_IP,4,0.019053,0.015009,0.002259
8,1,1.00,CG_IP,5,0.024653,0.015258,0.002172
8,1,1.00,CG_IP,6,0.016705,0.015028,0.002573
8,1,1.00,CG_IP,7,0.015268,0.014881,0.002225
8,1,1.00,CG_IP,8,0.015232,0.014859,0.002167
8,1,1.00,CG_IP,9,0.015507,0.015010,0.002114
8,1,1.00,CG_IP,10,0.015323,0.014946,0.002677
8,1,1.00,CG_IP,11,0.015298,0.014923,0.002228
8,1,1.00,CG_IP,12,0.015374,0.014741,0.002551
8,1,1.00,CG_IP,13,0.015226,0.014856,0.002274
8,1,1.00,CG_IP,14,0.015038,0.014671,0.002149
8,1,1.00,CG_IP,15,0.015154,0.014763,0.002107
8,1,1.00,CG_IP,16,0.015058,0.014694,0.002319
8,1,1.00,CG_IP,17,0.015599,0.015159,0.002469
8,1,1.00,CG_IP,18,0.016400,0.015642,0.002331
8,1,1.00,CG_IP,19,0.013551,0.012971,0.008531
8,1,1.00,CG_IP,20,0.014143,0.013772,0.002520
8,1,1.00,CG_IP,21,0.013357,0.012956,0.002654
8,1,1.00,CG_IP,22,0.015720,0.014617,0.002597
8,1,1.00,CG_IP,23,0.013442,0.012974,0.002131
8,1,1.00,CG_IP,24,0.015360,0.014977,0.002249
8,1,1.00,CG_IP,25,0.015180,0.014809,0.002234
8,1,1.00,CG_heur_IPverify,1,0.021720,0.015023,0.002385
8,1,0.90,CG_IP,1,0.023383,0.015181,0.002256
8,1,0.90,CG_IP,2,0.016450,0.014960,0.002315
8,1,0.90,CG_IP,3,0.015478,0.014904,0.002157
8,1,0.90,CG_IP,4,0.015190,0.014779,0.003082
8,1,0.90,CG_IP,5,0.015083,0.014694,0.002288
8,1,0.90,CG_IP,6,0.015295,0.014918,0.002226
8,1,0.90,CG_IP,7,0.014580,0.014217,0.002238
8,1,0.90,CG_IP,8,0.013595,0.013197,0.002064
8,1,0.90,CG_IP,9,0.015181,0.014742,0.002185
8,1,0.90,CG_IP,10,0.015384,0.014999,0.002293
8,1,0.90,CG_IP,11,0.018195,0.016613,0.002491
8,1,0.90,CG_IP,12,0.015697,0.014985,0.002618
8,1,0.90,CG_IP,13,0.015483,0.014917,0.002437
8,1,0.90,CG_IP,14,0.015703,0.014854,0.002316
8,1,0.90,CG_IP,15,0.015455,0.015063,0.002433
8,1,0.90,CG_IP,16,0.015539,0.014960,0.002313
8,1,0.90,CG_IP,17,0.015456,0.015016,0.002223
8,1,0.90,CG_IP,18,0.015296,0.014832,0.002212
8,1,0.90,CG_IP,19,0.015096,0.014715,0.002666
8,1,0.90,CG_IP,20,0.016915,0.016200,0.002575
8,1,0.90,CG_IP,21,0.015782,0.015017,0.002438
8,1,0.90,CG_IP,22,0.015084,0.014320,0.002272
8,1,0.90,CG_IP,23,0.013885,0.013487,0.002042
8,1,0.90,CG_IP,24,0.015414,0.015032,0.002434
8,1,0.90,CG_heur_IPverify,1,0.014614,0.013865,0.002346
8,1,0.80,CG_IP,1,0.022136,0.016618,0.004118
8,1,0.80,CG_IP,2,0.015648,0.014976,0.002041
8,1,0.80,CG_IP,3,0.015273,0.014917,0.002300
8,1,0.80,CG_IP,4,0.015276,0.014894,0.002283
8,1,0.80,CG_IP,5,0.015167,0.014780,0.003287
8,1,0.80,CG_IP,6,0.015148,0.014777,0.002296
8,1,0.80,CG_IP,7,0.015314,0.014956,0.003582
8,1,0.80,CG_IP,8,0.015484,0.015090,0.002210
8,1,0.80,CG_IP,9,0.015492,0.015095,0.002234
8,1,0.80,CG_IP,10,0.015349,0.014973,0.002284
8,1,0.80,CG_IP,11,0.015455,0.015026,0.002116
8,1,0.80,CG_IP,12,0.015253,0.014883,0.002089
8,1,0.80,CG_IP,13,0.015334,0.014965,0.002244
8,1,0.80,CG_IP,14,0.015682,0.015303,0.002278
8,1,0.80,CG_IP,15,0.015092,0.014710,0.002012
8,1,0.80,CG_IP,16,0.015248,0.014887,0.002102
8,1,0.80,CG_IP,17,0.015663,0.015270,0.002045
8,1,0.80,CG_IP,18,0.015364,0.014972,0.002205
8,1,0.80,CG_IP,19,0.013584,0.012995,0.001914
8,1,0.80,CG_IP,20,0.015457,0.014980,0.003702
8,1,0.80,CG_IP,21,0.015283,0.014916,0.001961
8,1,0.80,CG_IP,22,0.015169,0.014801,0.002855
8,1,0.80,CG_IP,23,0.015274,0.014909,0.002419
8,1,0.80,CG_IP,24,0.015056,0.014690,0.002179
8,1,0.80,CG_heur_IPverify,1,0.016167,0.015440,0.002373
8,1,0.70,CG_IP,1,0.015335,0.014940,0.002133
8,1,0.70,CG_IP,2,0.015394,0.014975,0.002683
8,1,0.70,CG_IP,3,0.015377,0.015009,0.002341
8,1,0.70,CG_IP,4,0.015564,0.015151,0.002834
8,1,0.70,CG_IP,5,0.015935,0.015491,0.002539
8,1,0.70,CG_IP,6,0.015506,0.015097,0.002888
8,1,0.70,CG_IP,7,0.013174,0.012793,0.002226
8,1,0.70,CG_IP,8,0.015745,0.015349,0.003256
8,1,0.70,CG_IP,9,0.015594,0.015192,0.002465
8,1,0.70,CG_IP,10,0.013640,0.013084,0.002540
8,1,0.70,CG_IP,11,0.014860,0.014437,0.004032
8,1,0.70,CG_IP,12,0.015699,0.015299,0.002298
8,1,0.70,CG_IP,13,0.014801,0.014410,0.002552
8,1,0.70,CG_IP,14,0.016548,0.016134,0.002965
8,1,0.70,CG_IP,15,0.017284,0.016606,0.004504
8,1,0.70,CG_IP,16,0.014809,0.014403,0.002413
8,1,0.70,CG_IP,17,0.014643,0.014183,0.002656
8,1,0.70,CG_IP,18,0.015474,0.014918,0.002176
8,1,0.70,CG_IP,19,0.017572,0.016245,0.004815
8,1,0.70,CG_IP,20,0.015381,0.014979,0.002386
8,1,0.70,CG_IP,21,0.015390,0.015013,0.002156
8,1,0.70,CG_IP,22,0.013987,0.013603,0.002127
8,1,0.70,CG_IP,23,0.015473,0.015085,0.002315
8,1,0.70,CG_IP,24,0.015439,0.015047,0.002952
8,1,0.70,CG_heur_IPverify,1,0.014825,0.013964,0.002333
8,1,0.60,CG_IP,1,0.013686,0.013339,0.002341
8,1,0.60,CG_IP,2,0.015343,0.014964,0.003066
8,1,0.60,CG_IP,3,0.015230,0.014867,0.002693
8,1,0.60,CG_IP,4,0.014447,0.014059,0.002628
8,1,0.60,CG_IP,5,0.015364,0.015005,0.002359
8,1,0.60,CG_IP,6,0.015327,0.014969,0.002230
8,1,0.60,CG_IP,7,0.015660,0.015282,0.002079
8,1,0.60,CG_IP,8,0.015649,0.015279,0.002075
8,1,0.60,CG_IP,9,0.015320,0.014916,0.002235
8,1,0.60,CG_IP,10,0.013048,0.012637,0.002364
8,1,0.60,CG_IP,11,0.013938,0.013544,0.002418
8,1,0.60,CG_IP,12,0.015022,0.014652,0.002073
8,1,0.60,CG_IP,13,0.015307,0.014932,0.002195
8,1,0.60,CG_IP,14,0.015427,0.015028,0.002138
8,1,0.60,CG_IP,15,0.015322,0.014938,0.002080
8,1,0.60,CG_IP,16,0.015356,0.014985,0.002082
8,1,0.60,CG_IP,17,0.015427,0.015061,0.002060
8,1,0.60,CG_IP,18,0.015319,0.014959,0.002114
8,1,0.60,CG_IP,19,0.015398,0.015015,0.003609
8,1,0.60,CG_IP,20,0.015318,0.014947,0.002376
8,1,0.60,CG_IP,21,0.015495,0.015129,0.002252
8,1,0.60,CG_IP,22,0.014602,0.014205,0.002561
8,1,0.60,CG_IP,23,0.015383,0.015011,0.002540
8,1,0.60,CG_IP,24,0.015510,0.015112,0.002117
8,1,0.60,CG_IP,25,0.015678,0.015220,0.002175
8,1,0.60,CG_IP,26,0.015342,0.014951,0.002207
8,1,0.60,CG_IP,27,0.013524,0.013131,0.002187
8,1,0.60,CG_IP,28,0.015376,0.014996,0.002147
8,1,0.60,CG_IP,29,0.015033,0.014502,0.002589
8,1,0.60,CG_IP,30,0.015258,0.014893,0.002401
8,1,0.60,CG_IP,31,0.015306,0.014938,0.002217
8,1,0.60,CG_heur_IPverify,1,0.017066,0.014950,0.002319
8,1,0.50,CG_IP,1,0.015295,0.014932,0.002095
8,1,0.50,CG_IP,2,0.015061,0.014698,0.002901
8,1,0.50,CG_IP,3,0.014656,0.014257,0.003316
8,1,0.50,CG_IP,4,0.015280,0.014877,0.002808
8,1,0.50,CG_IP,5,0.015303,0.014923,0.002364
8,1,0.50,CG_IP,6,0.015447,0.015070,0.002815
8,1,0.50,CG_IP,7,0.015488,0.015104,0.002213
8,1,0.50,CG_IP,8,0.015738,0.015334,0.002229
8,1,0.50,CG_IP,9,0.015292,0.014879,0.002082
8,1,0.50,CG_IP,10,0.014361,0.013912,0.002246
8,1,0.50,CG_IP,11,0.016109,0.015317,0.002683
8,1,0.50,CG_IP,12,0.018412,0.018005,0.002474
8,1,0.50,CG_IP,13,0.013574,0.013201,0.002096
8,1,0.50,CG_IP,14,0.015234,0.014857,0.002244
8,1,0.50,CG_IP,15,0.015691,0.015300,0.002210
8,1,0.50,CG_IP,16,0.015402,0.014952,0.002323
8,1,0.50,CG_IP,17,0.015489,0.015040,0.003209
8,1,0.50,CG_IP,18,0.015716,0.015026,0.002439
8,1,0.50,CG_IP,19,0.014960,0.014387,0.002186
8,1,0.50,CG_IP,20,0.015376,0.015007,0.002086
8,1,0.50,CG_IP,21,0.015430,0.015050,0.002353
8,1,0.50,CG_IP,22,0.015582,0.015169,0.002194
8,1,0.50,CG_IP,23,0.014637,0.014244,0.002279
8,1,0.50,CG_IP,24,0.015326,0.014929,0.002280
8,1,0.50,CG_IP,25,0.015412,0.015043,0.002237
8,1,0.50,CG_IP,26,0.015316,0.014936,0.002118
8,1,0.50,CG_IP,27,0.014764,0.014387,0.002262
8,1,0.50,CG_IP,28,0.013145,0.012766,0.002107
8,1,0.50,CG_IP,29,0.015416,0.015043,0.002507
8,1,0.50,CG_IP,30,0.015024,0.014630,0.002225
8,1,0.50,CG_IP,31,0.015355,0.014966,0.002173
8,1,0.50,CG_IP,32,0.015322,0.014925,0.002552
8,1,0.50,CG_IP,33,0.015314,0.014936,0.001540
8,1,0.50,CG_heur_IPverify,1,0.015739,0.014956,0.002229
8,1,0.50,CG_heur_IPverify,2,0.016652,0.014905,0.002076
8,1,0.40,CG_IP,1,0.015169,0.014813,0.002155
8,1,0.40,CG_IP,2,0.015319,0.014917,0.002246
8,1,0.40,CG_IP,3,0.015441,0.015058,0.002118
8,1,0.40,CG_IP,4,0.015301,0.014919,0.002357
8,1,0.40,CG_IP,5,0.015359,0.014988,0.002130
8,1,0.40,CG_IP,6,0.013251,0.012880,0.002040
8,1,0.40,CG_IP,7,0.015268,0.014906,0.002333
8,1,0.40,CG_IP,8,0.015113,0.014718,0.002142
8,1,0.40,CG_IP,9,0.015335,0.014955,0.002910
8,1,0.40,CG_IP,10,0.014354,0.013992,0.002243
8,1,0.40,CG_IP,11,0.015349,0.014987,0.002162
8,1,0.40,CG_IP,12,0.015246,0.014879,0.002538
8,1,0.40,CG_IP,13,0.015203,0.014807,0.002214
8,1,0.40,CG_IP,14,0.014618,0.014243,0.002333
8,1,0.40,CG_IP,15,0.015390,0.015007,0.002095
8,1,0.40,CG_IP,16,0.015337,0.014955,0.002250
8,1,0.40,CG_IP,17,0.015295,0.014894,0.002539
8,1,0.40,CG_IP,18,0.015319,0.014906,0.002206
8,1,0.40,CG_IP,19,0.015280,0.014893,0.002171
8,1,0.40,CG_IP,20,0.015330,0.014964,0.002091
8,1,0.40,CG_IP,21,0.015354,0.014992,0.002147
8,1,0.40,CG_IP,22,0.015200,0.014835,0.002247
8,1,0.40,CG_IP,23,0.015270,0.014890,0.002965
8,1,0.40,CG_IP,24,0.015421,0.015049,0.002227
8,1,0.40,CG_IP,25,0.013942,0.013569,0.002261
8,1,0.40,CG_IP,26,0.015338,0.014939,0.002036
8,1,0.40,CG_IP,27,0.015062,0.014680,0.002173
8,1,0.40,CG_IP,28,0.015249,0.014875,0.002192
8,1,0.40,CG_IP,29,0.014360,0.013271,0.003513
8,1,0.40,CG_IP,30,0.018919,0.018045,0.004547
8,1,0.40,CG_IP,31,0.015376,0.015018,0.001572
8,1,0.40,CG_heur_IPverify,1,0.015413,0.015017,0.003434
8,1,0.40,CG_heur_IPverify,2,0.015297,0.014522,0.003482
8,1,0.40,CG_heur_IPverify,3,0.016305,0.015058,0.001612
8,1,0.30,CG_IP,1,0.015398,0.015028,0.002182
8,1,0.30,CG_IP,2,0.015345,0.014965,0.002421
8,1,0.30,CG_IP,3,0.012901,0.012517,0.002287
8,1,0.30,CG_IP,4,0.014596,0.014189,0.002054
8,1,0.30,CG_IP,5,0.013949,0.013547,0.002293
8,1,0.30,CG_IP,6,0.015189,0.014796,0.002040
8,1,0.30,CG_IP,7,0.015190,0.014814,0.002227
8,1,0.30,CG_IP,8,0.015370,0.014984,0.002287
8,1,0.30,CG_IP,9,0.015276,0.014898,0.002151
8,1,0.30,CG_IP,10,0.015207,0.014848,0.002339
8,1,0.30,CG_IP,11,0.015025,0.014653,0.002248
8,1,0.30,CG_IP,12,0.015501,0.015120,0.002595
8,1,0.30,CG_IP,13,0.015382,0.015007,0.002207
8,1,0.30,CG_IP,14,0.015296,0.014932,0.002208
8,1,0.30,CG_IP,15,0.015327,0.014948,0.002124
8,1,0.30,CG_IP,16,0.015209,0.014823,0.002191
8,1,0.30,CG_IP,17,0.015274,0.014903,0.002349
8,1,0.30,CG_IP,18,0.015562,0.015160,0.002025
8,1,0.30,CG_IP,19,0.015115,0.014716,0.002097
8,1,0.30,CG_IP,20,0.015072,0.014678,0.002182
8,1,0.30,CG_IP,21,0.014136,0.013757,0.002165
8,1,0.30,CG_IP,22,0.014258,0.013875,0.002253
8,1,0.30,CG_IP,23,0.014312,0.013929,0.002330
8,1,0.30,CG_IP,24,0.015185,0.014776,0.002244
8,1,0.30,CG_IP,25,0.015237,0.014878,0.002680
8,1,0.30,CG_IP,26,0.015289,0.014936,0.002147
8,1,0.30,CG_IP,27,0.015764,0.015394,0.001545
8,1,0.30,CG_heur_IPverify,1,0.015517,0.015129,0.002390
8,1,0.30,CG_heur_IPverify,2,0.015484,0.015103,0.003044
8,1,0.30,CG_heur_IPverify,3,0.015859,0.015127,0.001769
8,1,0.20,CG_IP,1,0.015088,0.014637,0.002234
8,1,0.20,CG_IP,2,0.015818,0.015337,0.002489
8,1,0.20,CG_IP,3,0.014391,0.013981,0.002240
8,1,0.20,CG_IP,4,0.014165,0.013770,0.002150
8,1,0.20,CG_IP,5,0.015444,0.015007,0.002610
8,1,0.20,CG_IP,6,0.015312,0.014949,0.002083
8,1,0.20,CG_IP,7,0.015334,0.014961,0.002107
8,1,0.20,CG_IP,8,0.015370,0.015004,0.002779
8,1,0.20,CG_IP,9,0.013734,0.013354,0.002226
8,1,0.20,CG_IP,10,0.015208,0.014846,0.002777
8,1,0.20,CG_IP,11,0.015257,0.014894,0.002291
8,1,0.20,CG_IP,12,0.015440,0.015066,0.002411
8,1,0.20,CG_IP,13,0.015317,0.014940,0.002480
8,1,0.20,CG_IP,14,0.022134,0.021347,0.003069
8,1,0.20,CG_IP,15,0.014794,0.014382,0.002494
8,1,0.20,CG_IP,16,0.015386,0.014974,0.002231
8,1,0.20,CG_IP,17,0.015407,0.015035,0.002186
8,1,0.20,CG_IP,18,0.015494,0.015091,0.002192
8,1,0.20,CG_IP,19,0.015238,0.014847,0.002695
8,1,0.20,CG_IP,20,0.014898,0.014525,0.002763
8,1,0.20,CG_IP,21,0.015427,0.015046,0.002906
8,1,0.20,CG_IP,22,0.015910,0.015531,0.002304
8,1,0.20,CG_IP,23,0.015381,0.015008,0.001564
8,1,0.20,CG_heur_IPverify,1,0.015280,0.014903,0.002217
8,1,0.20,CG_heur_IPverify,2,0.015536,0.015146,0.001857
8,1,0.10,CG_IP,1,0.015349,0.014977,0.002118
8,1,0.10,CG_IP,2,0.015311,0.014922,0.002039
8,1,0.10,CG_IP,3,0.015398,0.015007,0.002260
8,1,0.10,CG_IP,4,0.015281,0.014892,0.002321
8,1,0.10,CG_IP,5,0.015563,0.015179,0.002100
8,1,0.10,CG_IP,6,0.015317,0.014962,0.003501
8,1,0.10,CG_IP,7,0.015268,0.014892,0.002191
8,1,0.10,CG_IP,8,0.015211,0.014830,0.002271
8,1,0.10,CG_IP,9,0.015300,0.014921,0.002016
8,1,0.10,CG_IP,10,0.015420,0.015026,0.002161
8,1,0.10,CG_IP,11,0.015400,0.015011,0.002178
8,1,0.10,CG_IP,12,0.015394,0.014987,0.002011
8,1,0.10,CG_IP,13,0.015325,0.014931,0.002232
8,1,0.10,CG_IP,14,0.015476,0.015114,0.002275
8,1,0.10,CG_IP,15,0.015380,0.015011,0.002054
8,1,0.10,CG_IP,16,0.015281,0.014879,0.002230
8,1,0.10,CG_IP,17,0.015281,0.014925,0.002079
8,1,0.10,CG_IP,18,0.015328,0.014953,0.002612
8,1,0.10,CG_IP,19,0.015522,0.015151,0.002247
8,1,0.10,CG_IP,20,0.015271,0.014895,0.002270
8,1,0.10,CG_IP,21,0.014996,0.014613,0.002156
8,1,0.10,CG_IP,22,0.015299,0.014913,0.002063
8,1,0.10,CG_IP,23,0.015461,0.015063,0.002622
8,1,0.10,CG_IP,24,0.015327,0.014939,0.001680
8,1,0.10,CG_heur_IPverify,1,0.015641,0.015263,0.002696
8,1,0.10,CG_heur_IPverify,2,0.015416,0.014992,0.002670
8,1,0.10,CG_heur_IPverify,3,0.013946,0.013555,0.002315
8,1,0.10,CG_heur_IPverify,4,0.016298,0.015318,0.002660
8,1,0.10,CG_heur_IPverify,5,0.015605,0.015197,0.002220
8,1,0.10,CG_heur_IPverify,6,0.013027,0.012637,0.002494
8,1,0.10,CG_heur_IPverify,7,0.015798,0.015419,0.001601
8,1,0.00,CG_IP,1,0.015260,0.014894,0.001621
8,1,0.00,CG_IP,2,0.015902,0.015537,0.002117
8,1,0.00,CG_IP,3,0.015417,0.015043,0.002213
8,1,0.00,CG_IP,4,0.015474,0.015069,0.002817
8,1,0.00,CG_IP,5,0.015645,0.015235,0.002281
8,1,0.00,CG_IP,6,0.013939,0.013525,0.002179
8,1,0.00,CG_IP,7,0.014871,0.014434,0.002215
8,1,0.00,CG_IP,8,0.015531,0.015108,0.002089
8,1,0.00,CG_IP,9,0.014271,0.013861,0.003115
8,1,0.00,CG_IP,10,0.016523,0.016054,0.004094
8,1,0.00,CG_IP,11,0.015320,0.014935,0.002229
8,1,0.00,CG_IP,12,0.013015,0.012615,0.002437
8,1,0.00,CG_IP,13,0.015384,0.015006,0.002211
8,1,0.00,CG_IP,14,0.015407,0.015029,0.002170
8,1,0.00,CG_IP,15,0.015477,0.015085,0.002498
8,1,0.00,CG_IP,16,0.014316,0.013935,0.002336
8,1,0.00,CG_IP,17,0.015427,0.015043,0.002529
8,1,0.00,CG_IP,18,0.015301,0.014920,0.002364
8,1,0.00,CG_IP,19,0.015508,0.015129,0.002228
8,1,0.00,CG_IP,20,0.015134,0.014746,0.002189
8,1,0.00,CG_IP,21,0.015373,0.014989,0.002281
8,1,0.00,CG_IP,22,0.014882,0.014504,0.002349
8,1,0.00,CG_IP,23,0.015357,0.014989,0.001632
8,1,0.00,CG_heur_IPverify,1,0.016374,0.015892,0.002682
8,1,0.00,CG_heur_IPverify,2,0.015174,0.014797,0.002670
8,1,0.00,CG_heur_IPverify,3,0.016884,0.016035,0.002919
8,1,0.00,CG_heur_IPverify,4,0.015039,0.014651,0.002916
8,1,0.00,CG_heur_IPverify,5,0.015345,0.014956,0.002425
8,1,0.00,CG_heur_IPverify,6,0.015342,0.014962,0.002298
8,1,0.00,CG_heur_IPverify,7,0.015459,0.015080,0.002648
8,1,0.00,CG_heur_IPverify,8,0.015522,0.015111,0.002373
8,1,0.00,CG_heur_IPverify,9,0.015326,0.014913,0.001843
8,2,1.00,CG_IP,1,0.015415,0.015011,0.002204
8,2,1.00,CG_IP,2,0.014363,0.013917,0.002202
8,2,1.00,CG_IP,3,0.014418,0.014005,0.002140
8,2,1.00,CG_IP,4,0.014424,0.014006,0.002778
8,2,1.00,CG_IP,5,0.015186,0.014764,0.002167
8,2,1.00,CG_IP,6,0.013197,0.012823,0.002468
8,2,1.00,CG_IP,7,0.014426,0.014013,0.002356
8,2,1.00,CG_IP,8,0.014313,0.013911,0.002288
8,2,1.00,CG_IP,9,0.014284,0.013879,0.001906
8,2,1.00,CG_IP,10,0.015320,0.014903,0.002073
8,2,1.00,CG_IP,11,0.015299,0.014937,0.002045
8,2,1.00,CG_IP,12,0.015294,0.014920,0.002457
8,2,1.00,CG_IP,13,0.015213,0.014845,0.002159
8,2,1.00,CG_IP,14,0.015325,0.014968,0.002572
8,2,1.00,CG_IP,15,0.015438,0.015042,0.002257
8,2,1.00,CG_IP,16,0.015296,0.014930,0.002107
8,2,1.00,CG_IP,17,0.012906,0.012525,0.002378
8,2,1.00,CG_IP,18,0.014956,0.014588,0.002023
8,2,1.00,CG_IP,19,0.014975,0.014607,0.002178
8,2,1.00,CG_IP,20,0.015242,0.014864,0.002032
8,2,1.00,CG_IP,21,0.013367,0.012989,0.003694
8,2,1.00,CG_IP,22,0.015631,0.015240,0.002373
8,2,1.00,CG_IP,23,0.014346,0.013967,0.002151
8,2,1.00,CG_IP,24,0.015278,0.014925,0.002090
8,2,1.00,CG_heur_IPverify,1,0.020836,0.020025,0.004816
8,2,0.90,CG_IP,1,0.014842,0.014113,0.002991
8,2,0.90,CG_IP,2,0.014248,0.013865,0.003423
8,2,0.90,CG_IP,3,0.015536,0.015175,0.002689
8,2,0.90,CG_IP,4,0.015955,0.015563,0.002725
8,2,0.90,CG_IP,5,0.015560,0.015150,0.002264
8,2,0.90,CG_IP,6,0.015267,0.014880,0.003821
8,2,0.90,CG_IP,7,0.016691,0.016315,0.003657
8,2,0.90,CG_IP,8,0.014987,0.014586,0.002336
8,2,0.90,CG_IP,9,0.015255,0.014823,0.002531
8,2,0.90,CG_IP,10,0.015472,0.015042,0.002546
8,2,0.90,CG_IP,11,0.015226,0.014843,0.002221
8,2,0.90,CG_IP,12,0.015233,0.014855,0.002241
8,2,0.90,CG_IP,13,0.015333,0.014977,0.002284
8,2,0.90,CG_IP,14,0.015119,0.014707,0.002218
8,2,0.90,CG_IP,15,0.015342,0.014950,0.002204
8,2,0.90,CG_IP,16,0.015581,0.015198,0.002048
8,2,0.90,CG_IP,17,0.013141,0.012768,0.002186
8,2,0.90,CG_IP,18,0.015315,0.014930,0.002351
8,2,0.90,CG_IP,19,0.015374,0.014981,0.002059
8,2,0.90,CG_IP,20,0.015286,0.014908,0.003486
8,2,0.90,CG_IP,21,0.013750,0.013330,0.002636
8,2,0.90,CG_IP,22,0.015301,0.014925,0.002966
8,2,0.90,CG_IP,23,0.015349,0.014981,0.002263
8,2,0.90,CG_IP,24,0.015471,0.015110,0.002521
8,2,0.90,CG_IP,25,0.015372,0.014994,0.002082
8,2,0.90,CG_IP,26,0.015425,0.015018,0.002052
8,2,0.90,CG_IP,27,0.015821,0.015385,0.002229
8,2,0.90,CG_IP,28,0.014939,0.014508,0.002402
8,2,0.90,CG_IP,29,0.015352,0.014933,0.002284
8,2,0.90,CG_heur_IPverify,1,0.015250,0.014889,0.002178
8,2,0.80,CG_IP,1,0.015195,0.014839,0.002571
8,2,0.80,CG_IP,2,0.015449,0.015056,0.002300
8,2,0.80,CG_IP,3,0.014488,0.014113,0.002448
8,2,0.80,CG_IP,4,0.015388,0.015009,0.002156
8,2,0.80,CG_IP,5,0.014420,0.014002,0.002237
8,2,0.80,CG_IP,6,0.014367,0.013949,0.002228
8,2,0.80,CG_IP,7,0.013988,0.013548,0.002180
8,2,0.80,CG_IP,8,0.015363,0.014921,0.002110
8,2,0.80,CG_IP,9,0.013704,0.013305,0.002136
8,2,0.80,CG_IP,10,0.014123,0.013666,0.002197
8,2,0.80,CG_IP,11,0.014306,0.013885,0.002109
8,2,0.80,CG_IP,12,0.014226,0.013816,0.002209
8,2,0.80,CG_IP,13,0.014837,0.014432,0.005880
8,2,0.80,CG_IP,14,0.013705,0.013263,0.002264
8,2,0.80,CG_IP,15,0.014189,0.013745,0.002460
8,2,0.80,CG_IP,16,0.014565,0.014072,0.002180
8,2,0.80,CG_IP,17,0.013955,0.013539,0.002284
8,2,0.80,CG_IP,18,0.015281,0.014886,0.002091
8,2,0.80,CG_IP,19,0.015319,0.014925,0.002244
8,2,0.80,CG_IP,20,0.015257,0.014872,0.002338
8,2,0.80,CG_IP,21,0.013977,0.013585,0.002235
8,2,0.80,CG_IP,22,0.015255,0.014887,0.002598
8,2,0.80,CG_IP,23,0.015847,0.015074,0.002170
8,2,0.80,CG_IP,24,0.017337,0.016907,0.005248
8,2,0.80,CG_IP,25,0.015322,0.014947,0.002908
8,2,0.80,CG_IP,26,0.015692,0.015299,0.002198
8,2,0.80,CG_IP,27,0.015818,0.015418,0.002261
8,2,0.80,CG_IP,28,0.015571,0.015165,0.002089
8,2,0.80,CG_IP,29,0.014073,0.013694,0.002301
8,2,0.80,CG_IP,30,0.014867,0.014468,0.002003
8,2,0.80,CG_IP,31,0.015295,0.014912,0.002266
8,2,0.80,CG_heur_IPverify,1,0.014725,0.014312,0.002373
8,2,0.70,CG_IP,1,0.015324,0.014974,0.002152
8,2,0.70,CG_IP,2,0.015141,0.014743,0.002117
8,2,0.70,CG_IP,3,0.016024,0.015627,0.002585
8,2,0.70,CG_IP,4,0.015605,0.015046,0.002253
8,2,0.70,CG_IP,5,0.015433,0.015060,0.002302
8,2,0.70,CG_IP,6,0.015782,0.015380,0.002297
8,2,0.70,CG_IP,7,0.015278,0.014903,0.002368
8,2,0.70,CG_IP,8,0.012976,0.012593,0.002171
8,2,0.70,CG_IP,9,0.014507,0.014113,0.002172
8,2,0.70,CG_IP,10,0.014234,0.013837,0.002136
8,2,0.70,CG_IP,11,0.014402,0.014003,0.002195
8,2,0.70,CG_IP,12,0.015316,0.014922,0.002429
8,2,0.70,CG_IP,13,0.013426,0.012977,0.002571
8,2,0.70,CG_IP,14,0.014352,0.013937,0.002298
8,2,0.70,CG_IP,15,0.014336,0.013928,0.002335
8,2,0.70,CG_IP,16,0.013099,0.012734,0.002234
8,2,0.70,CG_IP,17,0.015333,0.014931,0.002232
8,2,0.70,CG_IP,18,0.014261,0.013879,0.002121
8,2,0.70,CG_IP,19,0.015449,0.015048,0.002052
8,2,0.70,CG_IP,20,0.015232,0.014859,0.002256
8,2,0.70,CG_IP,21,0.015232,0.014873,0.002173
8,2,0.70,CG_IP,22,0.015298,0.014914,0.002219
8,2,0.70,CG_IP,23,0.015272,0.014902,0.002376
8,2,0.70,CG_IP,24,0.015257,0.014894,0.002026
8,2,0.70,CG_IP,25,0.014276,0.013904,0.002243
8,2,0.70,CG_IP,26,0.015369,0.015009,0.002214
8,2,0.70,CG_IP,27,0.015364,0.014972,0.002547
8,2,0.70,CG_IP,28,0.015232,0.014851,0.002274
8,2,0.70,CG_IP,29,0.015396,0.015010,0.002907
8,2,0.70,CG_IP,30,0.015422,0.015047,0.002559
8,2,0.70,CG_IP,31,0.015483,0.015097,0.002323
8,2,0.70,CG_IP,32,0.015177,0.014795,0.002214
8,2,0.70,CG_IP,33,0.015567,0.015142,0.001629
8,2,0.70,CG_heur_IPverify,1,0.015362,0.014940,0.001670
8,2,0.60,CG_IP,1,0.013458,0.012672,0.002671
8,2,0.60,CG_IP,2,0.012908,0.012533,0.002111
8,2,0.60,CG_IP,3,0.014577,0.014105,0.002533
8,2,0.60,CG_IP,4,0.015286,0.014903,0.002158
8,2,0.60,CG_IP,5,0.014962,0.014596,0.002019
8,2,0.60,CG_IP,6,0.015671,0.015229,0.002217
8,2,0.60,CG_IP,7,0.015459,0.015063,0.002330
8,2,0.60,CG_IP,8,0.015417,0.014244,0.003496
8,2,0.60,CG_IP,9,0.015739,0.015340,0.002230
8,2,0.60,CG_IP,10,0.015526,0.015133,0.002260
8,2,0.60,CG_IP,11,0.013406,0.013027,0.002223
8,2,0.60,CG_IP,12,0.015407,0.015022,0.002452
8,2,0.60,CG_IP,13,0.015352,0.014969,0.002117
8,2,0.60,CG_IP,14,0.015307,0.014941,0.002712
8,2,0.60,CG_IP,15,0.014914,0.014543,0.002984
8,2,0.60,CG_IP,16,0.015284,0.014919,0.002232
8,2,0.60,CG_IP,17,0.015178,0.014783,0.002369
8,2,0.60,CG_IP,18,0.015422,0.015044,0.002100
8,2,0.60,CG_IP,19,0.015486,0.015119,0.001690
8,2,0.60,CG_IP,20,0.014732,0.014341,0.002390
8,2,0.60,CG_IP,21,0.014860,0.014476,0.002159
8,2,0.60,CG_IP,22,0.014320,0.013900,0.002162
8,2,0.60,CG_IP,23,0.014186,0.013797,0.002225
8,2,0.60,CG_IP,24,0.015041,0.014621,0.002090
8,2,0.60,CG_IP,25,0.015307,0.014932,0.001959
8,2,0.60,CG_IP,26,0.014719,0.014349,0.002204
8,2,0.60,CG_IP,27,0.015290,0.014928,0.002047
8,2,0.60,CG_IP,28,0.015288,0.014905,0.002154
8,2,0.60,CG_IP,29,0.015323,0.014957,0.001635
8,2,0.60,CG_heur_IPverify,1,0.015654,0.015252,0.002380
8,2,0.60,CG_heur_IPverify,2,0.015336,0.014932,0.001532
8,2,0.50,CG_IP,1,0.013008,0.012624,0.002073
8,2,0.50,CG_IP,2,0.014527,0.014134,0.002172
8,2,0.50,CG_IP,3,0.014762,0.014372,0.002056
8,2,0.50,CG_IP,4,0.012936,0.012498,0.002572
8,2,0.50,CG_IP,5,0.015643,0.015249,0.002197
8,2,0.50,CG_IP,6,0.015086,0.014704,0.002093
8,2,0.50,CG_IP,7,0.015396,0.015010,0.002199
8,2,0.50,CG_IP,8,0.015281,0.014913,0.002113
8,2,0.50,CG_IP,9,0.015276,0.014901,0.002071
8,2,0.50,CG_IP,10,0.013203,0.012820,0.002124
8,2,0.50,CG_IP,11,0.015322,0.014919,0.002231
8,2,0.50,CG_IP,12,0.015066,0.014687,0.002291
8,2,0.50,CG_IP,13,0.015287,0.014921,0.002255
8,2,0.50,CG_IP,14,0.015365,0.014984,0.002167
8,2,0.50,CG_IP,15,0.015194,0.014819,0.002283
8,2,0.50,CG_IP,16,0.015325,0.014963,0.002225
8,2,0.50,CG_IP,17,0.015408,0.014992,0.002516
8,2,0.50,CG_IP,18,0.015591,0.015077,0.003059
8,2,0.50,CG_IP,19,0.015243,0.014866,0.002695
8,2,0.50,CG_IP,20,0.014659,0.014299,0.002277
8,2,0.50,CG_IP,21,0.015240,0.014863,0.002258
8,2,0.50,CG_IP,22,0.015333,0.014960,0.002214
8,2,0.50,CG_IP,23,0.015369,0.014978,0.002209
8,2,0.50,CG_IP,24,0.014773,0.014371,0.002027
8,2,0.50,CG_IP,25,0.015343,0.014931,0.002218
8,2,0.50,CG_IP,26,0.015275,0.014902,0.002166
8,2,0.50,CG_IP,27,0.014897,0.014511,0.002138
8,2,0.50,CG_IP,28,0.015287,0.014853,0.002180
8,2,0.50,CG_IP,29,0.015843,0.015487,0.002288
8,2,0.50,CG_IP,30,0.015449,0.014855,0.002505
8,2,0.50,CG_IP,31,0.015447,0.015059,0.001648
8,2,0.50,CG_heur_IPverify,1,0.015354,0.014951,0.002138
8,2,0.50,CG_heur_IPverify,2,0.015932,0.015547,0.002244
8,2,0.50,CG_heur_IPverify,3,0.013649,0.013181,0.002346
8,2,0.50,CG_heur_IPverify,4,0.012789,0.012386,0.002822
8,2,0.50,CG_heur_IPverify,5,0.015364,0.014961,0.002297
8,2,0.50,CG_heur_IPverify,6,0.015263,0.014858,0.001555
8,2,0.40,CG_IP,1,0.014883,0.014524,0.001989
8,2,0.40,CG_IP,2,0.014407,0.014030,0.002265
8,2,0.40,CG_IP,3,0.015316,0.014935,0.003919
8,2,0.40,CG_IP,4,0.016166,0.015790,0.003178
8,2,0.40,CG_IP,5,0.015310,0.014936,0.002118
8,2,0.40,CG_IP,6,0.014524,0.014165,0.002058
8,2,0.40,CG_IP,7,0.015272,0.014890,0.002423
8,2,0.40,CG_IP,8,0.015203,0.014805,0.002205
8,2,0.40,CG_IP,9,0.012798,0.012396,0.002036
8,2,0.40,CG_IP,10,0.015411,0.015034,0.002661
8,2,0.40,CG_IP,11,0.015335,0.014963,0.002147
8,2,0.40,CG_IP,12,0.015580,0.015207,0.002322
8,2,0.40,CG_IP,13,0.013358,0.012986,0.002393
8,2,0.40,CG_IP,14,0.015351,0.014968,0.002382
8,2,0.40,CG_IP,15,0.015293,0.014915,0.002179
8,2,0.40,CG_IP,16,0.015340,0.014978,0.002105
8,2,0.40,CG_IP,17,0.015260,0.014890,0.002618
8,2,0.40,CG_IP,18,0.015633,0.015232,0.002362
8,2,0.40,CG_IP,19,0.015158,0.014763,0.002306
8,2,0.40,CG_IP,20,0.015611,0.015211,0.003030
8,2,0.40,CG_IP,21,0.015354,0.014943,0.002487
8,2,0.40,CG_IP,22,0.016145,0.015715,0.002405
8,2,0.40,CG_IP,23,0.014224,0.013805,0.002489
8,2,0.40,CG_IP,24,0.015452,0.015089,0.002312
8,2,0.40,CG_IP,25,0.015321,0.014935,0.002190
8,2,0.40,CG_IP,26,0.015421,0.015038,0.002183
8,2,0.40,CG_IP,27,0.015382,0.015006,0.001541
8,2,0.40,CG_heur_IPverify,1,0.015465,0.015026,0.002058
8,2,0.40,CG_heur_IPverify,2,0.015085,0.014697,0.002194
8,2,0.40,CG_heur_IPverify,3,0.015511,0.015063,0.002955
8,2,0.40,CG_heur_IPverify,4,0.015772,0.015383,0.002440
8,2,0.40,CG_heur_IPverify,5,0.015348,0.014936,0.001544
8,2,0.30,CG_IP,1,0.015356,0.015002,0.002453
8,2,0.30,CG_IP,2,0.015504,0.015081,0.002194
8,2,0.30,CG_IP,3,0.015444,0.015075,0.002597
8,2,0.30,CG_IP,4,0.015394,0.015016,0.002327
8,2,0.30,CG_IP,5,0.015262,0.014887,0.003501
8,2,0.30,CG_IP,6,0.015485,0.015112,0.002382
8,2,0.30,CG_IP,7,0.015434,0.015041,0.002293
8,2,0.30,CG_IP,8,0.015513,0.015107,0.002107
8,2,0.30,CG_IP,9,0.014358,0.013981,0.002560
8,2,0.30,CG_IP,10,0.015223,0.014823,0.002291
8,2,0.30,CG_IP,11,0.015361,0.014934,0.002350
8,2,0.30,CG_IP,12,0.017533,0.013991,0.002666
8,2,0.30,CG_IP,13,0.013366,0.012951,0.002339
8,2,0.30,CG_IP,14,0.015328,0.014946,0.002270
8,2,0.30,CG_IP,15,0.015441,0.015058,0.002135
8,2,0.30,CG_IP,16,0.015441,0.015064,0.002604
8,2,0.30,CG_IP,17,0.014717,0.014337,0.003030
8,2,0.30,CG_IP,18,0.015478,0.015095,0.002642
8,2,0.30,CG_IP,19,0.015343,0.014962,0.002641
8,2,0.30,CG_IP,20,0.015523,0.015136,0.002288
8,2,0.30,CG_IP,21,0.015580,0.015199,0.002154
8,2,0.30,CG_IP,22,0.015360,0.014946,0.002272
8,2,0.30,CG_IP,23,0.014408,0.014013,0.002207
8,2,0.30,CG_IP,24,0.014186,0.013797,0.001649
8,2,0.30,CG_heur_IPverify,1,0.015321,0.014959,0.002251
8,2,0.30,CG_heur_IPverify,2,0.014370,0.013988,0.002077
8,2,0.30,CG_heur_IPverify,3,0.015342,0.014965,0.002276
8,2,0.30,CG_heur_IPverify,4,0.015222,0.014848,0.002648
8,2,0.30,CG_heur_IPverify,5,0.015335,0.014927,0.002168
8,2,0.30,CG_heur_IPverify,6,0.014061,0.013297,0.001612
8,2,0.20,CG_IP,1,0.015353,0.014993,0.002993
8,2,0.20,CG_IP,2,0.015260,0.014895,0.002290
8,2,0.20,CG_IP,3,0.015387,0.014991,0.002032
8,2,0.20,CG_IP,4,0.015314,0.014949,0.002790
8,2,0.20,CG_IP,5,0.014673,0.014285,0.002808
8,2,0.20,CG_IP,6,0.015290,0.014923,0.002231
8,2,0.20,CG_IP,7,0.015325,0.014940,0.002277
8,2,0.20,CG_IP,8,0.015322,0.014973,0.002196
8,2,0.20,CG_IP,9,0.015269,0.014884,0.002281
8,2,0.20,CG_IP,10,0.015415,0.015020,0.002241
8,2,0.20,CG_IP,11,0.015402,0.014982,0.002190
8,2,0.20,CG_IP,12,0.015277,0.014904,0.002014
8,2,0.20,CG_IP,13,0.013611,0.013216,0.002309
8,2,0.20,CG_IP,14,0.015078,0.014715,0.002163
8,2,0.20,CG_IP,15,0.015250,0.014876,0.003137
8,2,0.20,CG_IP,16,0.015363,0.014993,0.002234
8,2,0.20,CG_IP,17,0.015378,0.015002,0.002300
8,2,0.20,CG_IP,18,0.015329,0.014939,0.002362
8,2,0.20,CG_IP,19,0.014872,0.014498,0.002210
8,2,0.20,CG_IP,20,0.014621,0.014237,0.002194
8,2,0.20,CG_IP,21,0.015328,0.014956,0.002253
8,2,0.20,CG_IP,22,0.015359,0.014961,0.001663
8,2,0.20,CG_heur_IPverify,1,0.014952,0.014544,0.002254
8,2,0.20,CG_heur_IPverify,2,0.015292,0.014914,0.003815
8,2,0.20,CG_heur_IPverify,3,0.013317,0.012925,0.002457
8,2,0.20,CG_heur_IPverify,4,0.015285,0.014911,0.002575
8,2,0.20,CG_heur_IPverify,5,0.014762,0.014353,0.002256
8,2,0.20,CG_heur_IPverify,6,0.015337,0.014940,0.001598
8,2,0.10,CG_IP,1,0.015145,0.014786,0.002188
8,2,0.10,CG_IP,2,0.015328,0.014920,0.002329
8,2,0.10,CG_IP,3,0.014956,0.014585,0.002045
8,2,0.10,CG_IP,4,0.015636,0.015243,0.002326
8,2,0.10,CG_IP,5,0.015629,0.015257,0.002185
8,2,0.10,CG_IP,6,0.015253,0.014890,0.002249
8,2,0.10,CG_IP,7,0.014700,0.014277,0.003571
8,2,0.10,CG_IP,8,0.016933,0.016241,0.003680
8,2,0.10,CG_IP,9,0.015808,0.014504,0.002229
8,2,0.10,CG_IP,10,0.015336,0.014942,0.002303
8,2,0.10,CG_IP,11,0.013491,0.013132,0.002341
8,2,0.10,CG_IP,12,0.015467,0.015054,0.002349
8,2,0.10,CG_IP,13,0.014388,0.014010,0.002153
8,2,0.10,CG_IP,14,0.015430,0.015056,0.004130
8,2,0.10,CG_IP,15,0.015324,0.014951,0.002296
8,2,0.10,CG_IP,16,0.015427,0.015036,0.002236
8,2,0.10,CG_IP,17,0.015312,0.014929,0.002117
8,2,0.10,CG_IP,18,0.015040,0.014679,0.002195
8,2,0.10,CG_IP,19,0.015011,0.014630,0.002188
8,2,0.10,CG_IP,20,0.015325,0.014944,0.001624
8,2,0.10,CG_heur_IPverify,1,0.015293,0.014816,0.002168
8,2,0.10,CG_heur_IPverify,2,0.015261,0.014869,0.002474
8,2,0.10,CG_heur_IPverify,3,0.015328,0.014964,0.002150
8,2,0.10,CG_heur_IPverify,4,0.015128,0.014767,0.002212
8,2,0.10,CG_heur_IPverify,5,0.015269,0.014909,0.002295
8,2,0.10,CG_heur_IPverify,6,0.015343,0.014943,0.002227
8,2,0.10,CG_heur_IPverify,7,0.015278,0.014881,0.001712
8,2,0.00,CG_IP,1,0.016183,0.015286,0.005128
8,2,0.00,CG_IP,2,0.016777,0.016068,0.002367
8,2,0.00,CG_IP,3,0.016247,0.015551,0.005714
8,2,0.00,CG_IP,4,0.015905,0.015507,0.002869
8,2,0.00,CG_IP,5,0.019279,0.018487,0.002982
8,2,0.00,CG_IP,6,0.016582,0.016138,0.004432
8,2,0.00,CG_IP,7,0.015619,0.015025,0.009404
8,2,0.00,CG_IP,8,0.020824,0.020251,0.008422
8,2,0.00,CG_IP,9,0.016505,0.015852,0.003453
8,2,0.00,CG_IP,10,0.015175,0.014766,0.002276
8,2,0.00,CG_IP,11,0.015372,0.015004,0.002246
8,2,0.00,CG_IP,12,0.015436,0.015048,0.002655
8,2,0.00,CG_IP,13,0.015334,0.014958,0.003168
8,2,0.00,CG_IP,14,0.013204,0.012819,0.002467
8,2,0.00,CG_IP,15,0.015390,0.015013,0.003060
8,2,0.00,CG_IP,16,0.015201,0.014828,0.002699
8,2,0.00,CG_IP,17,0.015442,0.015057,0.002175
8,2,0.00,CG_IP,18,0.015355,0.014982,0.002665
8,2,0.00,CG_IP,19,0.015252,0.014873,0.002106
8,2,0.00,CG_IP,20,0.015352,0.014980,0.002262
8,2,0.00,CG_IP,21,0.012939,0.012523,0.001565
8,2,0.00,CG_heur_IPverify,1,0.012950,0.012428,0.002456
8,2,0.00,CG_heur_IPverify,2,0.012985,0.012546,0.002450
8,2,0.00,CG_heur_IPverify,3,0.015070,0.014683,0.002236
8,2,0.00,CG_heur_IPverify,4,0.015331,0.014942,0.002557
8,2,0.00,CG_heur_IPverify,5,0.015187,0.014818,0.002324
8,2,0.00,CG_heur_IPverify,6,0.015360,0.014980,0.001541
8,3,1.00,CG_IP,1,0.014692,0.014324,0.002220
8,3,1.00,CG_IP,2,0.016189,0.015507,0.002078
8,3,1.00,CG_IP,3,0.017565,0.016997,0.002958
8,3,1.00,CG_IP,4,0.014714,0.014332,0.002260
8,3,1.00,CG_IP,5,0.015355,0.014982,0.002094
8,3,1.00,CG_IP,6,0.013916,0.013536,0.002024
8,3,1.00,CG_IP,7,0.015250,0.014889,0.002166
8,3,1.00,CG_IP,8,0.015246,0.014879,0.002186
8,3,1.00,CG_IP,9,0.015412,0.015029,0.002953
8,3,1.00,CG_IP,10,0.015361,0.014969,0.002288
8,3,1.00,CG_IP,11,0.015521,0.015156,0.002079
8,3,1.00,CG_IP,12,0.014688,0.014326,0.002209
8,3,1.00,CG_IP,13,0.014839,0.014470,0.002082
8,3,1.00,CG_IP,14,0.014883,0.014490,0.002147
8,3,1.00,CG_IP,15,0.015314,0.014944,0.002174
8,3,1.00,CG_IP,16,0.015286,0.014863,0.002150
8,3,1.00,CG_IP,17,0.015339,0.014931,0.002183
8,3,1.00,CG_IP,18,0.012849,0.012473,0.002751
8,3,1.00,CG_IP,19,0.015264,0.014884,0.002114
8,3,1.00,CG_IP,20,0.015310,0.014918,0.002191
8,3,1.00,CG_IP,21,0.015327,0.014945,0.002190
8,3,1.00,CG_IP,22,0.015303,0.014927,0.003057
8,3,1.00,CG_heur_IPverify,1,0.014938,0.014546,0.002947
8,3,0.90,CG_IP,1,0.015375,0.015040,0.002023
8,3,0.90,CG_IP,2,0.015308,0.014949,0.002519
8,3,0.90,CG_IP,3,0.015166,0.014807,0.002202
8,3,0.90,CG_IP,4,0.014743,0.014362,0.002341
8,3,0.90,CG_IP,5,0.015207,0.014819,0.002264
8,3,0.90,CG_IP,6,0.014937,0.014561,0.002185
8,3,0.90,CG_IP,7,0.015752,0.015372,0.002372
8,3,0.90,CG_IP,8,0.015370,0.014976,0.002438
8,3,0.90,CG_IP,9,0.015848,0.015217,0.003123
8,3,0.90,CG_IP,10,0.013177,0.012797,0.002669
8,3,0.90,CG_IP,11,0.015395,0.015024,0.003783
8,3,0.90,CG_IP,12,0.015494,0.015118,0.002605
8,3,0.90,CG_IP,13,0.013671,0.013032,0.002717
8,3,0.90,CG_IP,14,0.015445,0.014878,0.002588
8,3,0.90,CG_IP,15,0.015518,0.015107,0.003448
8,3,0.90,CG_IP,16,0.014777,0.014371,0.002765
8,3,0.90,CG_IP,17,0.015696,0.015301,0.002746
8,3,0.90,CG_IP,18,0.014808,0.014416,0.002545
8,3,0.90,CG_IP,19,0.013883,0.013265,0.002169
8,3,0.90,CG_IP,20,0.015188,0.014807,0.002850
8,3,0.90,CG_IP,21,0.015585,0.015210,0.002573
8,3,0.90,CG_IP,22,0.016544,0.016130,0.002708
8,3,0.90,CG_IP,23,0.014915,0.014525,0.002471
8,3,0.90,CG_IP,24,0.016105,0.015710,0.002857
8,3,0.90,CG_heur_IPverify,1,0.015568,0.015175,0.002505
8,3,0.80,CG_IP,1,0.015627,0.015210,0.002730
8,3,0.80,CG_IP,2,0.013817,0.013419,0.003002
8,3,0.80,CG_IP,3,0.015812,0.015165,0.002590
8,3,0.80,CG_IP,4,0.013846,0.013402,0.002595
8,3,0.80,CG_IP,5,0.015107,0.014700,0.003577
8,3,0.80,CG_IP,6,0.018340,0.017886,0.010345
8,3,0.80,CG_IP,7,0.017389,0.017000,0.002418
8,3,0.80,CG_IP,8,0.015473,0.014586,0.002371
8,3,0.80,CG_IP,9,0.014472,0.014099,0.002911
8,3,0.80,CG_IP,10,0.015416,0.015034,0.002323
8,3,0.80,CG_IP,11,0.016259,0.015856,0.002844
8,3,0.80,CG_IP,12,0.015516,0.015129,0.002283
8,3,0.80,CG_IP,13,0.015374,0.014993,0.002462
8,3,0.80,CG_IP,14,0.015713,0.015328,0.002387
8,3,0.80,CG_IP,15,0.015517,0.015098,0.003842
8,3,0.80,CG_IP,16,0.017466,0.017084,0.002500
8,3,0.80,CG_IP,17,0.015671,0.015264,0.002806
8,3,0.80,CG_IP,18,0.015177,0.014753,0.002794
8,3,0.80,CG_IP,19,0.015543,0.015145,0.002607
8,3,0.80,CG_IP,20,0.015269,0.014884,0.002685
8,3,0.80,CG_IP,21,0.015535,0.015151,0.002765
8,3,0.80,CG_IP,22,0.015831,0.015450,0.002904
8,3,0.80,CG_heur_IPverify,1,0.016034,0.015642,0.002854
8,3,0.70,CG_IP,1,0.015571,0.015188,0.002424
8,3,0.70,CG_IP,2,0.015771,0.015189,0.002511
8,3,0.70,CG_IP,3,0.015392,0.014994,0.003512
8,3,0.70,CG_IP,4,0.015258,0.014870,0.004419
8,3,0.70,CG_IP,5,0.014914,0.014505,0.005730
8,3,0.70,CG_IP,6,0.015862,0.015480,0.002472
8,3,0.70,CG_IP,7,0.014842,0.014443,0.003777
8,3,0.70,CG_IP,8,0.015789,0.015153,0.002380
8,3,0.70,CG_IP,9,0.016200,0.015805,0.002958
8,3,0.70,CG_IP,10,0.015968,0.015542,0.002661
8,3,0.70,CG_IP,11,0.015821,0.015432,0.002544
8,3,0.70,CG_IP,12,0.015380,0.015005,0.003798
8,3,0.70,CG_IP,13,0.015782,0.015406,0.003889
8,3,0.70,CG_IP,14,0.016469,0.016091,0.002523
8,3,0.70,CG_IP,15,0.014670,0.014261,0.002769
8,3,0.70,CG_IP,16,0.014427,0.014033,0.002775
8,3,0.70,CG_IP,17,0.013985,0.013586,0.002690
8,3,0.70,CG_IP,18,0.014067,0.013674,0.002988
8,3,0.70,CG_IP,19,0.014193,0.013795,0.002384
8,3,0.70,CG_IP,20,0.014166,0.013766,0.002791
8,3,0.70,CG_IP,21,0.014037,0.013586,0.002825
8,3,0.70,CG_IP,22,0.015539,0.015117,0.002638
8,3,0.70,CG_IP,23,0.015799,0.015418,0.002456
8,3,0.70,CG_IP,24,0.015778,0.015349,0.002425
8,3,0.70,CG_IP,25,0.016186,0.015817,0.002486
8,3,0.70,CG_IP,26,0.013600,0.013199,0.003101
8,3,0.70,CG_IP,27,0.014801,0.014400,0.002370
8,3,0.70,CG_heur_IPverify,1,0.015748,0.015268,0.002626
8,3,0.60,CG_IP,1,0.015640,0.015283,0.002833
8,3,0.60,CG_IP,2,0.015468,0.015075,0.005563
8,3,0.60,CG_IP,3,0.013438,0.013044,0.005433
8,3,0.60,CG_IP,4,0.021152,0.020333,0.006040
8,3,0.60,CG_IP,5,0.014987,0.014586,0.002472
8,3,0.60,CG_IP,6,0.017017,0.016403,0.002974
8,3,0.60,CG_IP,7,0.013450,0.012990,0.004026
8,3,0.60,CG_IP,8,0.015834,0.015224,0.002918
8,3,0.60,CG_IP,9,0.015655,0.015033,0.003194
8,3,0.60,CG_IP,10,0.014166,0.013527,0.004359
8,3,0.60,CG_IP,11,0.014737,0.014339,0.003812
8,3,0.60,CG_IP,12,0.017023,0.016637,0.002475
8,3,0.60,CG_IP,13,0.016089,0.015422,0.002533
8,3,0.60,CG_IP,14,0.014103,0.013663,0.002705
8,3,0.60,CG_IP,15,0.014875,0.014489,0.002942
8,3,0.60,CG_IP,16,0.014980,0.014583,0.002709
8,3,0.60,CG_IP,17,0.014489,0.014101,0.003055
8,3,0.60,CG_IP,18,0.015859,0.015470,0.002941
8,3,0.60,CG_IP,19,0.015468,0.015093,0.002695
8,3,0.60,CG_IP,20,0.015651,0.015263,0.002662
8,3,0.60,CG_IP,21,0.013457,0.013059,0.003206
8,3,0.60,CG_IP,22,0.015499,0.015113,0.002618
8,3,0.60,CG_IP,23,0.015955,0.015547,0.003227
8,3,0.60,CG_IP,24,0.017186,0.016516,0.002640
8,3,0.60,CG_IP,25,0.014872,0.014439,0.002183
8,3,0.60,CG_IP,26,0.016460,0.015997,0.002479
8,3,0.60,CG_heur_IPverify,1,0.014418,0.013919,0.002531
8,3,0.50,CG_IP,1,0.015881,0.015199,0.003806
8,3,0.50,CG_IP,2,0.015539,0.015152,0.002760
8,3,0.50,CG_IP,3,0.015805,0.015404,0.002565
8,3,0.50,CG_IP,4,0.015692,0.015192,0.002886
8,3,0.50,CG_IP,5,0.014524,0.013775,0.003165
8,3,0.50,CG_IP,6,0.015497,0.015121,0.002725
8,3,0.50,CG_IP,7,0.016983,0.016613,0.003086
8,3,0.50,CG_IP,8,0.015650,0.015273,0.002595
8,3,0.50,CG_IP,9,0.015589,0.015114,0.002561
8,3,0.50,CG_IP,10,0.015758,0.015262,0.002413
8,3,0.50,CG_IP,11,0.015687,0.015298,0.003759
8,3,0.50,CG_IP,12,0.015305,0.014905,0.002822
8,3,0.50,CG_IP,13,0.015412,0.015029,0.002404
8,3,0.50,CG_IP,14,0.015369,0.014982,0.002465
8,3,0.50,CG_IP,15,0.015454,0.015084,0.002307
8,3,0.50,CG_IP,16,0.015224,0.014807,0.002319
8,3,0.50,CG_IP,17,0.013145,0.012725,0.002236
8,3,0.50,CG_IP,18,0.015028,0.014604,0.002412
8,3,0.50,CG_IP,19,0.013671,0.013289,0.002205
8,3,0.50,CG_IP,20,0.015049,0.014677,0.002209
8,3,0.50,CG_IP,21,0.013792,0.013406,0.002097
8,3,0.50,CG_IP,22,0.014367,0.013937,0.002237
8,3,0.50,CG_IP,23,0.015141,0.014733,0.002217
8,3,0.50,CG_IP,24,0.013430,0.013015,0.002283
8,3,0.50,CG_IP,25,0.015288,0.014894,0.002278
8,3,0.50,CG_IP,26,0.014741,0.014324,0.002283
8,3,0.50,CG_IP,27,0.015964,0.015587,0.002437
8,3,0.50,CG_IP,28,0.015387,0.015000,0.002311
8,3,0.50,CG_IP,29,0.017298,0.015508,0.002735
8,3,0.50,CG_IP,30,0.015511,0.015106,0.002918
8,3,0.50,CG_IP,31,0.015715,0.015334,0.002747
8,3,0.50,CG_IP,32,0.015553,0.015181,0.002348
8,3,0.50,CG_IP,33,0.015790,0.015411,0.002123
8,3,0.50,CG_IP,34,0.015249,0.014874,0.002607
8,3,0.50,CG_IP,35,0.015486,0.015082,0.001654
8,3,0.50,CG_heur_IPverify,1,0.015360,0.014972,0.002281
8,3,0.50,CG_heur_IPverify,2,0.015334,0.014956,0.002922
8,3,0.50,CG_heur_IPverify,3,0.015407,0.015019,0.002010
8,3,0.40,CG_IP,1,0.014908,0.014537,0.002073
8,3,0.40,CG_IP,2,0.015211,0.014860,0.002258
8,3,0.40,CG_IP,3,0.015531,0.015148,0.002132
8,3,0.40,CG_IP,4,0.013913,0.013538,0.002032
8,3,0.40,CG_IP,5,0.015404,0.015020,0.001997
8,3,0.40,CG_IP,6,0.015369,0.014982,0.002465
8,3,0.40,CG_IP,7,0.015541,0.015145,0.002042
8,3,0.40,CG_IP,8,0.015270,0.014869,0.002253
8,3,0.40,CG_IP,9,0.015352,0.014982,0.002157
8,3,0.40,CG_IP,10,0.015348,0.014989,0.002206
8,3,0.40,CG_IP,11,0.013049,0.012613,0.002268
8,3,0.40,CG_IP,12,0.013002,0.012612,0.002269
8,3,0.40,CG_IP,13,0.015324,0.014934,0.002492
8,3,0.40,CG_IP,14,0.015329,0.014932,0.002291
8,3,0.40,CG_IP,15,0.014068,0.013629,0.002212
8,3,0.40,CG_IP,16,0.013492,0.013081,0.002233
8,3,0.40,CG_IP,17,0.015375,0.014907,0.002184
8,3,0.40,CG_IP,18,0.013323,0.012921,0.002224
8,3,0.40,CG_IP,19,0.014281,0.013894,0.002145
8,3,0.40,CG_IP,20,0.015561,0.015092,0.001948
8,3,0.40,CG_IP,21,0.015260,0.014888,0.002223
8,3,0.40,CG_IP,22,0.015298,0.014927,0.001973
8,3,0.40,CG_IP,23,0.015336,0.014972,0.002454
8,3,0.40,CG_IP,24,0.015366,0.014995,0.002022
8,3,0.40,CG_IP,25,0.015001,0.014629,0.002186
8,3,0.40,CG_IP,26,0.015302,0.014930,0.002497
8,3,0.40,CG_IP,27,0.015241,0.014880,0.002375
8,3,0.40,CG_IP,28,0.015482,0.015097,0.001557
8,3,0.40,CG_heur_IPverify,1,0.015902,0.015513,0.002629
8,3,0.40,CG_heur_IPverify,2,0.015577,0.015179,0.002949
8,3,0.40,CG_heur_IPverify,3,0.015373,0.014977,0.001835
8,3,0.30,CG_IP,1,0.015751,0.015385,0.002215
8,3,0.30,CG_IP,2,0.015509,0.015136,0.002368
8,3,0.30,CG_IP,3,0.015344,0.014936,0.002133
8,3,0.30,CG_IP,4,0.015449,0.015064,0.002255
8,3,0.30,CG_IP,5,0.015736,0.015349,0.002513
8,3,0.30,CG_IP,6,0.014955,0.014581,0.002576
8,3,0.30,CG_IP,7,0.014751,0.014342,0.003186
8,3,0.30,CG_IP,8,0.013790,0.013370,0.003906
8,3,0.30,CG_IP,9,0.015534,0.015135,0.002403
8,3,0.30,CG_IP,10,0.015329,0.014956,0.003199
8,3,0.30,CG_IP,11,0.015528,0.014953,0.002332
8,3,0.30,CG_IP,12,0.017736,0.016460,0.002342
8,3,0.30,CG_IP,13,0.013860,0.013485,0.002216
8,3,0.30,CG_IP,14,0.013845,0.013217,0.002386
8,3,0.30,CG_IP,15,0.013892,0.013046,0.002403
8,3,0.30,CG_IP,16,0.015368,0.014981,0.002050
8,3,0.30,CG_IP,17,0.015402,0.015000,0.002337
8,3,0.30,CG_IP,18,0.015351,0.014957,0.002296
8,3,0.30,CG_IP,19,0.015307,0.014917,0.002117
8,3,0.30,CG_IP,20,0.015260,0.014889,0.002150
8,3,0.30,CG_IP,21,0.015288,0.014921,0.002279
8,3,0.30,CG_IP,22,0.015537,0.015148,0.002351
8,3,0.30,CG_IP,23,0.014912,0.014538,0.001552
8,3,0.30,CG_heur_IPverify,1,0.015095,0.014718,0.002662
8,3,0.30,CG_heur_IPverify,2,0.015208,0.014850,0.002202
8,3,0.30,CG_heur_IPverify,3,0.015443,0.015037,0.002351
8,3,0.30,CG_heur_IPverify,4,0.015368,0.014992,0.002434
8,3,0.30,CG_heur_IPverify,5,0.014629,0.014234,0.002321
8,3,0.30,CG_heur_IPverify,6,0.015416,0.015028,0.002171
8,3,0.30,CG_heur_IPverify,7,0.015411,0.015027,0.004940
8,3,0.30,CG_heur_IPverify,8,0.015522,0.015122,0.001931
8,3,0.20,CG_IP,1,0.014225,0.013871,0.002249
8,3,0.20,CG_IP,2,0.015386,0.015003,0.002136
8,3,0.20,CG_IP,3,0.015455,0.015071,0.002382
8,3,0.20,CG_IP,4,0.015403,0.015023,0.002572
8,3,0.20,CG_IP,5,0.015404,0.015029,0.003198
8,3,0.20,CG_IP,6,0.015296,0.014934,0.003444
8,3,0.20,CG_IP,7,0.015081,0.014675,0.002067
8,3,0.20,CG_IP,8,0.015847,0.015378,0.002284
8,3,0.20,CG_IP,9,0.013931,0.013483,0.002183
8,3,0.20,CG_IP,10,0.015349,0.014974,0.002127
8,3,0.20,CG_IP,11,0.013181,0.012742,0.002477
8,3,0.20,CG_IP,12,0.015321,0.014918,0.002225
8,3,0.20,CG_IP,13,0.013940,0.013532,0.002143
8,3,0.20,CG_IP,14,0.015010,0.014634,0.002165
8,3,0.20,CG_IP,15,0.015358,0.014957,0.002416
8,3,0.20,CG_IP,16,0.013719,0.013321,0.002303
8,3,0.20,CG_IP,17,0.015290,0.014930,0.002440
8,3,0.20,CG_IP,18,0.015362,0.014966,0.002308
8,3,0.20,CG_IP,19,0.015446,0.015048,0.003870
8,3,0.20,CG_IP,20,0.015162,0.014777,0.002815
8,3,0.20,CG_IP,21,0.015298,0.014927,0.002465
8,3,0.20,CG_IP,22,0.015261,0.014873,0.001600
8,3,0.20,CG_heur_IPverify,1,0.015027,0.014656,0.002917
8,3,0.20,CG_heur_IPverify,2,0.015473,0.015053,0.002272
8,3,0.20,CG_heur_IPverify,3,0.014002,0.013575,0.002491
8,3,0.20,CG_heur_IPverify,4,0.015146,0.014751,0.002246
8,3,0.20,CG_heur_IPverify,5,0.015335,0.014935,0.002207
8,3,0.20,CG_heur_IPverify,6,0.018630,0.017542,0.001645
8,3,0.10,CG_IP,1,0.014680,0.014283,0.002293
8,3,0.10,CG_IP,2,0.014601,0.014173,0.002240
8,3,0.10,CG_IP,3,0.013559,0.013174,0.002252
8,3,0.10,CG_IP,4,0.016914,0.015224,0.003141
8,3,0.10,CG_IP,5,0.016965,0.016455,0.005139
8,3,0.10,CG_IP,6,0.015828,0.015449,0.002270
8,3,0.10,CG_IP,7,0.014374,0.013992,0.002082
8,3,0.10,CG_IP,8,0.013097,0.012703,0.002239
8,3,0.10,CG_IP,9,0.015255,0.014887,0.002046
8,3,0.10,CG_IP,10,0.015364,0.014979,0.002120
8,3,0.10,CG_IP,11,0.015472,0.015019,0.002349
8,3,0.10,CG_IP,12,0.015141,0.014729,0.003198
8,3,0.10,CG_IP,13,0.015366,0.014984,0.002498
8,3,0.10,CG_IP,14,0.015017,0.014659,0.002176
8,3,0.10,CG_IP,15,0.015414,0.015028,0.002409
8,3,0.10,CG_IP,16,0.015250,0.014864,0.002215
8,3,0.10,CG_IP,17,0.014863,0.014487,0.002505
8,3,0.10,CG_IP,18,0.015366,0.014986,0.002327
8,3,0.10,CG_IP,19,0.015449,0.015054,0.003288
8,3,0.10,CG_IP,20,0.015252,0.014851,0.002231
8,3,0.10,CG_IP,21,0.014364,0.013955,0.001556
8,3,0.10,CG_heur_IPverify,1,0.015326,0.014957,0.002301
8,3,0.10,CG_heur_IPverify,2,0.015263,0.014894,0.002430
8,3,0.10,CG_heur_IPverify,3,0.015366,0.014992,0.002102
8,3,0.10,CG_heur_IPverify,4,0.015410,0.015030,0.002222
8,3,0.10,CG_heur_IPverify,5,0.015381,0.014986,0.002180
8,3,0.10,CG_heur_IPverify,6,0.015290,0.014904,0.001765
8,3,0.00,CG_IP,1,0.015430,0.015071,0.002341
8,3,0.00,CG_IP,2,0.015321,0.014952,0.002158
8,3,0.00,CG_IP,3,0.015147,0.014752,0.003344
8,3,0.00,CG_IP,4,0.015458,0.015049,0.002956
8,3,0.00,CG_IP,5,0.015670,0.015260,0.002579
8,3,0.00,CG_IP,6,0.015393,0.014975,0.002010
8,3,0.00,CG_IP,7,0.014565,0.014142,0.002525
8,3,0.00,CG_IP,8,0.015241,0.014868,0.002175
8,3,0.00,CG_IP,9,0.014843,0.014470,0.002304
8,3,0.00,CG_IP,10,0.015236,0.014874,0.002374
8,3,0.00,CG_IP,11,0.015285,0.014917,0.002175
8,3,0.00,CG_IP,12,0.015357,0.014974,0.002176
8,3,0.00,CG_IP,13,0.015478,0.015099,0.002212
8,3,0.00,CG_IP,14,0.014533,0.014152,0.002198
8,3,0.00,CG_IP,15,0.015201,0.014851,0.002207
8,3,0.00,CG_IP,16,0.014931,0.014559,0.002194
8,3,0.00,CG_IP,17,0.015398,0.015014,0.002681
8,3,0.00,CG_IP,18,0.015873,0.015497,0.002353
8,3,0.00,CG_IP,19,0.015352,0.014979,0.002286
8,3,0.00,CG_IP,20,0.015360,0.014984,0.002323
8,3,0.00,CG_IP,21,0.015272,0.014889,0.002554
8,3,0.00,CG_IP,22,0.015262,0.014876,0.002733
8,3,0.00,CG_IP,23,0.015353,0.014958,0.001656
8,3,0.00,CG_heur_IPverify,1,0.013919,0.013520,0.002219
8,3,0.00,CG_heur_IPverify,2,0.015500,0.015097,0.002995
8,3,0.00,CG_heur_IPverify,3,0.015205,0.014824,0.002288
8,3,0.00,CG_heur_IPverify,4,0.015290,0.014918,0.002262
8,3,0.00,CG_heur_IPverify,5,0.015404,0.015016,0.001599
8,4,1.00,CG_IP,1,0.015755,0.014917,0.002815
8,4,1.00,CG_IP,2,0.015506,0.015127,0.002307
8,4,1.00,CG_IP,3,0.015358,0.014977,0.002394
8,4,1.00,CG_IP,4,0.015346,0.014978,0.002048
8,4,1.00,CG_IP,5,0.015483,0.015100,0.002537
8,4,1.00,CG_IP,6,0.014072,0.013699,0.002155
8,4,1.00,CG_IP,7,0.015395,0.015022,0.002074
8,4,1.00,CG_IP,8,0.013916,0.013534,0.002411
8,4,1.00,CG_IP,9,0.015281,0.014887,0.002196
8,4,1.00,CG_IP,10,0.015430,0.015063,0.002211
8,4,1.00,CG_IP,11,0.015395,0.015024,0.002203
8,4,1.00,CG_IP,12,0.015219,0.014839,0.002377
8,4,1.00,CG_IP,13,0.015691,0.015277,0.002512
8,4,1.00,CG_IP,14,0.015379,0.015012,0.002720
8,4,1.00,CG_IP,15,0.015324,0.014962,0.002262
8,4,1.00,CG_IP,16,0.015271,0.014889,0.002228
8,4,1.00,CG_IP,17,0.013201,0.012833,0.002142
8,4,1.00,CG_IP,18,0.013574,0.013184,0.002140
8,4,1.00,CG_IP,19,0.014502,0.014117,0.002281
8,4,1.00,CG_IP,20,0.015513,0.015141,0.002432
8,4,1.00,CG_IP,21,0.015380,0.014987,0.002294
8,4,1.00,CG_IP,22,0.015621,0.015245,0.002429
8,4,1.00,CG_IP,23,0.015461,0.015082,0.002406
8,4,1.00,CG_IP,24,0.015361,0.014977,0.002163
8,4,1.00,CG_IP,25,0.015445,0.015084,0.002398
8,4,1.00,CG_IP,26,0.015057,0.014680,0.002280
8,4,1.00,CG_IP,27,0.015300,0.014892,0.002470
8,4,1.00,CG_heur_IPverify,1,0.015497,0.015083,0.002342
8,4,0.90,CG_IP,1,0.015254,0.014890,0.002213
8,4,0.90,CG_IP,2,0.015239,0.014862,0.002271
8,4,0.90,CG_IP,3,0.015339,0.014969,0.002353
8,4,0.90,CG_IP,4,0.015416,0.015034,0.002542
8,4,0.90,CG_IP,5,0.015444,0.015069,0.002311
8,4,0.90,CG_IP,6,0.015105,0.014735,0.002119
8,4,0.90,CG_IP,7,0.015225,0.014856,0.002236
8,4,0.90,CG_IP,8,0.015079,0.014715,0.002537
8,4,0.90,CG_IP,9,0.015530,0.015131,0.002654
8,4,0.90,CG_IP,10,0.015510,0.015044,0.002359
8,4,0.90,CG_IP,11,0.015059,0.014651,0.002311
8,4,0.90,CG_IP,12,0.015502,0.015092,0.002319
8,4,0.90,CG_IP,13,0.015570,0.015037,0.002409
8,4,0.90,CG_IP,14,0.016351,0.015502,0.003677
8,4,0.90,CG_IP,15,0.015384,0.014991,0.002603
8,4,0.90,CG_IP,16,0.015577,0.014902,0.002674
8,4,0.90,CG_IP,17,0.015745,0.015124,0.002814
8,4,0.90,CG_IP,18,0.016093,0.015194,0.002640
8,4,0.90,CG_IP,19,0.014949,0.014555,0.002709
8,4,0.90,CG_IP,20,0.015426,0.015035,0.002280
8,4,0.90,CG_IP,21,0.015859,0.015058,0.002242
8,4,0.90,CG_IP,22,0.015118,0.014591,0.002737
8,4,0.90,CG_IP,23,0.015131,0.014727,0.002945
8,4,0.90,CG_IP,24,0.015559,0.015120,0.002100
8,4,0.90,CG_IP,25,0.015813,0.015371,0.002219
8,4,0.90,CG_IP,26,0.014753,0.014016,0.002613
8,4,0.90,CG_IP,27,0.015573,0.015152,0.002633
8,4,0.90,CG_IP,28,0.015390,0.014990,0.002376
8,4,0.90,CG_heur_IPverify,1,0.015359,0.014941,0.002227
8,4,0.80,CG_IP,1,0.015364,0.015002,0.002143
8,4,0.80,CG_IP,2,0.015539,0.015136,0.002395
8,4,0.80,CG_IP,3,0.021354,0.020971,0.002180
8,4,0.80,CG_IP,4,0.016501,0.016072,0.006500
8,4,0.80,CG_IP,5,0.015463,0.015053,0.002329
8,4,0.80,CG_IP,6,0.015583,0.015092,0.002315
8,4,0.80,CG_IP,7,0.015715,0.015256,0.002809
8,4,0.80,CG_IP,8,0.015505,0.015122,0.002446
8,4,0.80,CG_IP,9,0.012999,0.012605,0.002382
8,4,0.80,CG_IP,10,0.014300,0.013422,0.002436
8,4,0.80,CG_IP,11,0.015514,0.015119,0.002633
8,4,0.80,CG_IP,12,0.015432,0.015050,0.002350
8,4,0.80,CG_IP,13,0.015331,0.014959,0.002429
8,4,0.80,CG_IP,14,0.015664,0.015289,0.002341
8,4,0.80,CG_IP,15,0.015546,0.015165,0.002371
8,4,0.80,CG_IP,16,0.015375,0.014967,0.003693
8,4,0.80,CG_IP,17,0.015894,0.015370,0.004087
8,4,0.80,CG_IP,18,0.013768,0.013295,0.003735
8,4,0.80,CG_IP,19,0.015577,0.015021,0.003142
8,4,0.80,CG_IP,20,0.015110,0.013782,0.003711
8,4,0.80,CG_IP,21,0.015258,0.014696,0.002769
8,4,0.80,CG_IP,22,0.015964,0.015210,0.002608
8,4,0.80,CG_IP,23,0.015153,0.014748,0.002624
8,4,0.80,CG_IP,24,0.015668,0.014987,0.003080
8,4,0.80,CG_IP,25,0.014499,0.013812,0.002573
8,4,0.80,CG_IP,26,0.015000,0.014624,0.002125
8,4,0.80,CG_IP,27,0.015506,0.015113,0.002281
8,4,0.80,CG_IP,28,0.015445,0.015055,0.002609
8,4,0.80,CG_IP,29,0.014511,0.014125,0.002361
8,4,0.80,CG_IP,30,0.015495,0.015100,0.002546
8,4,0.80,CG_IP,31,0.015501,0.015126,0.001762
8,4,0.80,CG_heur_IPverify,1,0.013022,0.012619,0.002458
8,4,0.80,CG_heur_IPverify,2,0.015388,0.015008,0.002377
8,4,0.80,CG_heur_IPverify,3,0.015415,0.015035,0.001571
8,4,0.70,CG_IP,1,0.015646,0.015207,0.002313
8,4,0.70,CG_IP,2,0.014758,0.014372,0.002482
8,4,0.70,CG_IP,3,0.014695,0.014304,0.002278
8,4,0.70,CG_IP,4,0.015613,0.015019,0.002451
8,4,0.70,CG_IP,5,0.015288,0.014892,0.002400
8,4,0.70,CG_IP,6,0.015414,0.015031,0.002777
8,4,0.70,CG_IP,7,0.015544,0.015029,0.002331
8,4,0.70,CG_IP,8,0.015692,0.015248,0.003460
8,4,0.70,CG_IP,9,0.015678,0.015132,0.002655
8,4,0.70,CG_IP,10,0.014175,0.013623,0.007073
8,4,0.70,CG_IP,11,0.016478,0.015513,0.006696
8,4,0.70,CG_IP,12,0.016782,0.016413,0.002604
8,4,0.70,CG_IP,13,0.016202,0.015298,0.002320
8,4,0.70,CG_IP,14,0.014176,0.013542,0.002460
8,4,0.70,CG_IP,15,0.017325,0.013631,0.002380
8,4,0.70,CG_IP,16,0.015960,0.015086,0.002324
8,4,0.70,CG_IP,17,0.015418,0.015043,0.002533
8,4,0.70,CG_IP,18,0.015626,0.015216,0.002346
8,4,0.70,CG_IP,19,0.015409,0.015027,0.002935
8,4,0.70,CG_IP,20,0.015513,0.015125,0.002410
8,4,0.70,CG_IP,21,0.015020,0.014640,0.002622
8,4,0.70,CG_IP,22,0.015476,0.015095,0.002856
8,4,0.70,CG_IP,23,0.015295,0.014889,0.002514
8,4,0.70,CG_IP,24,0.015585,0.015197,0.002370
8,4,0.70,CG_IP,25,0.015588,0.015194,0.002232
8,4,0.70,CG_IP,26,0.015510,0.015098,0.002359
8,4,0.70,CG_IP,27,0.015387,0.015001,0.002371
8,4,0.70,CG_IP,28,0.013175,0.012796,0.002528
8,4,0.70,CG_IP,29,0.015125,0.014727,0.002382
8,4,0.70,CG_IP,30,0.013443,0.013024,0.002534
8,4,0.70,CG_IP,31,0.013811,0.013379,0.002330
8,4,0.70,CG_IP,32,0.015632,0.015220,0.001593
8,4,0.70,CG_heur_IPverify,1,0.014217,0.013816,0.001732
8,4,0.60,CG_IP,1,0.016001,0.015038,0.003178
8,4,0.60,CG_IP,2,0.015271,0.014903,0.002089
8,4,0.60,CG_IP,3,0.015019,0.014644,0.003100
8,4,0.60,CG_IP,4,0.015549,0.015189,0.002168
8,4,0.60,CG_IP,5,0.014828,0.014441,0.002273
8,4,0.60,CG_IP,6,0.014842,0.014437,0.002204
8,4,0.60,CG_IP,7,0.014676,0.014317,0.002287
8,4,0.60,CG_IP,8,0.015324,0.014926,0.002443
8,4,0.60,CG_IP,9,0.014851,0.014475,0.002507
8,4,0.60,CG_IP,10,0.013349,0.012913,0.003050
8,4,0.60,CG_IP,11,0.014389,0.013970,0.002372
8,4,0.60,CG_IP,12,0.014342,0.013956,0.002657
8,4,0.60,CG_IP,13,0.015153,0.014770,0.002203
8,4,0.60,CG_IP,14,0.013600,0.013223,0.002194
8,4,0.60,CG_IP,15,0.014144,0.013742,0.002358
8,4,0.60,CG_IP,16,0.014789,0.014387,0.002307
8,4,0.60,CG_IP,17,0.015532,0.015152,0.002163
8,4,0.60,CG_IP,18,0.013149,0.012748,0.002291
8,4,0.60,CG_IP,19,0.014418,0.014039,0.002345
8,4,0.60,CG_IP,20,0.015586,0.015189,0.002497
8,4,0.60,CG_IP,21,0.015335,0.014956,0.002348
8,4,0.60,CG_IP,22,0.015406,0.015055,0.002361
8,4,0.60,CG_IP,23,0.013206,0.012835,0.002676
8,4,0.60,CG_IP,24,0.015257,0.014887,0.002051
8,4,0.60,CG_IP,25,0.014739,0.014355,0.002347
8,4,0.60,CG_IP,26,0.015307,0.014939,0.002232
8,4,0.60,CG_IP,27,0.015380,0.015003,0.002503
8,4,0.60,CG_IP,28,0.015391,0.015024,0.002413
8,4,0.60,CG_IP,29,0.015390,0.015012,0.002408
8,4,0.60,CG_IP,30,0.015566,0.015176,0.002553
8,4,0.60,CG_IP,31,0.015587,0.015075,0.002414
8,4,0.60,CG_IP,32,0.019786,0.018940,0.002950
8,4,0.60,CG_heur_IPverify,1,0.016162,0.015797,0.001841
8,4,0.50,CG_IP,1,0.015323,0.014979,0.002185
8,4,0.50,CG_IP,2,0.015434,0.015023,0.002263
8,4,0.50,CG_IP,3,0.015336,0.014960,0.002407
8,4,0.50,CG_IP,4,0.015414,0.015055,0.002244
8,4,0.50,CG_IP,5,0.015200,0.014834,0.002085
8,4,0.50,CG_IP,6,0.014901,0.014529,0.002321
8,4,0.50,CG_IP,7,0.015495,0.015143,0.002389
8,4,0.50,CG_IP,8,0.014576,0.014206,0.002001
8,4,0.50,CG_IP,9,0.015400,0.014986,0.002347
8,4,0.50,CG_IP,10,0.015631,0.015188,0.002234
8,4,0.50,CG_IP,11,0.015428,0.015009,0.002321
8,4,0.50,CG_IP,12,0.015428,0.015052,0.002299
8,4,0.50,CG_IP,13,0.015310,0.014949,0.002427
8,4,0.50,CG_IP,14,0.015285,0.014929,0.002338
8,4,0.50,CG_IP,15,0.015364,0.014979,0.002369
8,4,0.50,CG_IP,16,0.015396,0.015008,0.002254
8,4,0.50,CG_IP,17,0.015443,0.015082,0.002296
8,4,0.50,CG_IP,18,0.015252,0.014873,0.002357
8,4,0.50,CG_IP,19,0.015463,0.015106,0.002411
8,4,0.50,CG_IP,20,0.015370,0.014984,0.002333
8,4,0.50,CG_IP,21,0.015323,0.014946,0.002520
8,4,0.50,CG_IP,22,0.015450,0.015050,0.003158
8,4,0.50,CG_IP,23,0.015229,0.014856,0.002279
8,4,0.50,CG_IP,24,0.015513,0.015123,0.002455
8,4,0.50,CG_IP,25,0.015083,0.014705,0.002187
8,4,0.50,CG_IP,26,0.014034,0.013664,0.002369
8,4,0.50,CG_IP,27,0.015612,0.015180,0.002250
8,4,0.50,CG_IP,28,0.015466,0.015073,0.002317
8,4,0.50,CG_IP,29,0.014468,0.014076,0.001532
8,4,0.50,CG_heur_IPverify,1,0.015521,0.015141,0.002346
8,4,0.50,CG_heur_IPverify,2,0.015492,0.015082,0.001698
8,4,0.40,CG_IP,1,0.015370,0.014963,0.002445
8,4,0.40,CG_IP,2,0.014316,0.013915,0.002363
8,4,0.40,CG_IP,3,0.013354,0.012975,0.003248
8,4,0.40,CG_IP,4,0.015453,0.015056,0.002334
8,4,0.40,CG_IP,5,0.014269,0.013863,0.002231
8,4,0.40,CG_IP,6,0.015432,0.015036,0.002833
8,4,0.40,CG_IP,7,0.013455,0.013032,0.002695
8,4,0.40,CG_IP,8,0.015372,0.014974,0.002229
8,4,0.40,CG_IP,9,0.014961,0.014583,0.002423
8,4,0.40,CG_IP,10,0.015465,0.015086,0.002399
8,4,0.40,CG_IP,11,0.015111,0.014756,0.002106
8,4,0.40,CG_IP,12,0.015409,0.015033,0.002400
8,4,0.40,CG_IP,13,0.015154,0.014761,0.002317
8,4,0.40,CG_IP,14,0.015423,0.015031,0.002438
8,4,0.40,CG_IP,15,0.015463,0.015062,0.002492
8,4,0.40,CG_IP,16,0.013514,0.013133,0.002093
8,4,0.40,CG_IP,17,0.015236,0.014825,0.002168
8,4,0.40,CG_IP,18,0.015627,0.015226,0.002214
8,4,0.40,CG_IP,19,0.020085,0.019373,0.003541
8,4,0.40,CG_IP,20,0.015860,0.015431,0.003274
8,4,0.40,CG_IP,21,0.015817,0.015425,0.002501
8,4,0.40,CG_IP,22,0.015518,0.015117,0.002383
8,4,0.40,CG_IP,23,0.015455,0.015068,0.002714
8,4,0.40,CG_IP,24,0.015317,0.014929,0.002515
8,4,0.40,CG_IP,25,0.015460,0.015078,0.002664
8,4,0.40,CG_IP,26,0.016042,0.015676,0.001624
8,4,0.40,CG_heur_IPverify,1,0.014883,0.014517,0.003042
8,4,0.40,CG_heur_IPverify,2,0.015328,0.014940,0.001657
8,4,0.30,CG_IP,1,0.015263,0.014867,0.002234
8,4,0.30,CG_IP,2,0.015351,0.014945,0.002176
8,4,0.30,CG_IP,3,0.015377,0.015004,0.002348
8,4,0.30,CG_IP,4,0.015270,0.014867,0.002301
8,4,0.30,CG_IP,5,0.013132,0.012759,0.002088
8,4,0.30,CG_IP,6,0.015546,0.015162,0.002564
8,4,0.30,CG_IP,7,0.014854,0.014491,0.002416
8,4,0.30,CG_IP,8,0.013348,0.012975,0.002319
8,4,0.30,CG_IP,9,0.013812,0.013443,0.002239
8,4,0.30,CG_IP,10,0.015865,0.015485,0.002434
8,4,0.30,CG_IP,11,0.015609,0.015214,0.002377
8,4,0.30,CG_IP,12,0.015572,0.015186,0.002302
8,4,0.30,CG_IP,13,0.015418,0.015037,0.002302
8,4,0.30,CG_IP,14,0.012906,0.012544,0.003327
8,4,0.30,CG_IP,15,0.015375,0.014976,0.002075
8,4,0.30,CG_IP,16,0.015297,0.014924,0.002791
8,4,0.30,CG_IP,17,0.015373,0.014992,0.002329
8,4,0.30,CG_IP,18,0.015392,0.015048,0.002311
8,4,0.30,CG_IP,19,0.015344,0.014965,0.002474
8,4,0.30,CG_IP,20,0.015270,0.014892,0.002344
8,4,0.30,CG_IP,21,0.014837,0.014419,0.002318
8,4,0.30,CG_IP,22,0.015356,0.014969,0.002221
8,4,0.30,CG_IP,23,0.015418,0.015027,0.002398
8,4,0.30,CG_IP,24,0.014377,0.013996,0.002294
8,4,0.30,CG_IP,25,0.014381,0.013981,0.002211
8,4,0.30,CG_IP,26,0.015796,0.015260,0.001457
8,4,0.30,CG_heur_IPverify,1,0.015548,0.015165,0.002129
8,4,0.30,CG_heur_IPverify,2,0.015479,0.015089,0.001617
8,4,0.20,CG_IP,1,0.015469,0.015083,0.004021
8,4,0.20,CG_IP,2,0.015708,0.015322,0.003051
8,4,0.20,CG_IP,3,0.015722,0.015102,0.002378
8,4,0.20,CG_IP,4,0.015244,0.014816,0.002362
8,4,0.20,CG_IP,5,0.015392,0.015014,0.002337
8,4,0.20,CG_IP,6,0.014436,0.014063,0.002065
8,4,0.20,CG_IP,7,0.015369,0.014951,0.002443
8,4,0.20,CG_IP,8,0.014467,0.014077,0.002090
8,4,0.20,CG_IP,9,0.014319,0.013938,0.002249
8,4,0.20,CG_IP,10,0.015416,0.015014,0.002121
8,4,0.20,CG_IP,11,0.013521,0.013095,0.002522
8,4,0.20,CG_IP,12,0.015381,0.014984,0.002310
8,4,0.20,CG_IP,13,0.015509,0.015115,0.002828
8,4,0.20,CG_IP,14,0.015837,0.015190,0.002621
8,4,0.20,CG_IP,15,0.017833,0.017201,0.002336
8,4,0.20,CG_IP,16,0.015409,0.015041,0.002603
8,4,0.20,CG_IP,17,0.015433,0.015053,0.002774
8,4,0.20,CG_IP,18,0.015307,0.014936,0.002932
8,4,0.20,CG_IP,19,0.015307,0.014954,0.002307
8,4,0.20,CG_IP,20,0.014947,0.014554,0.002170
8,4,0.20,CG_IP,21,0.015460,0.015072,0.002357
8,4,0.20,CG_IP,22,0.015339,0.014956,0.001545
8,4,0.20,CG_heur_IPverify,1,0.015530,0.015135,0.002686
8,4,0.20,CG_heur_IPverify,2,0.015528,0.015168,0.002376
8,4,0.20,CG_heur_IPverify,3,0.015411,0.014999,0.002347
8,4,0.20,CG_heur_IPverify,4,0.014995,0.014585,0.001493
8,4,0.10,CG_IP,1,0.015320,0.014943,0.003296
8,4,0.10,CG_IP,2,0.015513,0.015148,0.002280
8,4,0.10,CG_IP,3,0.015380,0.015004,0.003230
8,4,0.10,CG_IP,4,0.015421,0.014980,0.002582
8,4,0.10,CG_IP,5,0.015628,0.015263,0.002438
8,4,0.10,CG_IP,6,0.015845,0.015475,0.002475
8,4,0.10,CG_IP,7,0.015323,0.014943,0.002317
8,4,0.10,CG_IP,8,0.015293,0.014900,0.002457
8,4,0.10,CG_IP,9,0.013734,0.013332,0.002049
8,4,0.10,CG_IP,10,0.014412,0.014038,0.002314
8,4,0.10,CG_IP,11,0.015310,0.014922,0.002368
8,4,0.10,CG_IP,12,0.015485,0.015031,0.002421
8,4,0.10,CG_IP,13,0.015300,0.014946,0.002401
8,4,0.10,CG_IP,14,0.015304,0.014928,0.002377
8,4,0.10,CG_IP,15,0.015008,0.014637,0.002179
8,4,0.10,CG_IP,16,0.014680,0.014334,0.002079
8,4,0.10,CG_IP,17,0.015393,0.015016,0.002262
8,4,0.10,CG_IP,18,0.014323,0.013941,0.002281
8,4,0.10,CG_IP,19,0.015546,0.015144,0.002315
8,4,0.10,CG_IP,20,0.015279,0.014904,0.002268
8,4,0.10,CG_IP,21,0.015615,0.015251,0.002193
8,4,0.10,CG_IP,22,0.015273,0.014909,0.001817
8,4,0.10,CG_heur_IPverify,1,0.015460,0.015097,0.002383
8,4,0.10,CG_heur_IPverify,2,0.015325,0.014953,0.001503
8,4,0.00,CG_IP,1,0.013060,0.012680,0.002390
8,4,0.00,CG_IP,2,0.015233,0.014852,0.002555
8,4,0.00,CG_IP,3,0.015269,0.014888,0.002119
8,4,0.00,CG_IP,4,0.015343,0.014968,0.002195
8,4,0.00,CG_IP,5,0.015316,0.014941,0.002343
8,4,0.00,CG_IP,6,0.013763,0.013396,0.002216
8,4,0.00,CG_IP,7,0.015348,0.014982,0.002239
8,4,0.00,CG_IP,8,0.015364,0.015004,0.002594
8,4,0.00,CG_IP,9,0.015324,0.014952,0.002060
8,4,0.00,CG_IP,10,0.015228,0.014869,0.002333
8,4,0.00,CG_IP,11,0.015312,0.014936,0.002573
8,4,0.00,CG_IP,12,0.015401,0.015042,0.002305
8,4,0.00,CG_IP,13,0.015122,0.014738,0.002121
8,4,0.00,CG_IP,14,0.015116,0.014716,0.003157
8,4,0.00,CG_IP,15,0.015842,0.015454,0.002432
8,4,0.00,CG_IP,16,0.015599,0.015246,0.002819
8,4,0.00,CG_IP,17,0.018377,0.015927,0.004200
8,4,0.00,CG_IP,18,0.015053,0.014666,0.002432
8,4,0.00,CG_IP,19,0.015442,0.015053,0.002259
8,4,0.00,CG_IP,20,0.015252,0.014909,0.002169
8,4,0.00,CG_IP,21,0.015294,0.014914,0.002257
8,4,0.00,CG_IP,22,0.015361,0.014977,0.002416
8,4,0.00,CG_IP,23,0.015231,0.014871,0.001966
8,4,0.00,CG_IP,24,0.014804,0.014439,0.002613
8,4,0.00,CG_IP,25,0.015128,0.014764,0.002230
8,4,0.00,CG_IP,26,0.014704,0.014315,0.002792
8,4,0.00,CG_IP,27,0.015363,0.014987,0.002129
8,4,0.00,CG_IP,28,0.015336,0.014963,0.001568
8,4,0.00,CG_heur_IPverify,1,0.015260,0.014878,0.002659
8,4,0.00,CG_heur_IPverify,2,0.015404,0.015049,0.002204
8,4,0.00,CG_heur_IPverify,3,0.013904,0.013526,0.001668
8,5,1.00,CG_IP,1,0.015437,0.015060,0.002409
8,5,1.00,CG_IP,2,0.015361,0.015006,0.002445
8,5,1.00,CG_IP,3,0.015298,0.014927,0.002341
8,5,1.00,CG_IP,4,0.015459,0.015052,0.002308
8,5,1.00,CG_IP,5,0.015523,0.015151,0.002495
8,5,1.00,CG_IP,6,0.015292,0.014930,0.002302
8,5,1.00,CG_IP,7,0.015369,0.015006,0.002127
8,5,1.00,CG_IP,8,0.014489,0.014127,0.002318
8,5,1.00,CG_IP,9,0.015349,0.014978,0.002368
8,5,1.00,CG_IP,10,0.015234,0.014875,0.002482
8,5,1.00,CG_IP,11,0.015240,0.014882,0.003573
8,5,1.00,CG_IP,12,0.015300,0.014943,0.002431
8,5,1.00,CG_IP,13,0.015391,0.015033,0.001981
8,5,1.00,CG_IP,14,0.015294,0.014926,0.002302
8,5,1.00,CG_IP,15,0.015493,0.015121,0.002232
8,5,1.00,CG_IP,16,0.014957,0.014589,0.002080
8,5,1.00,CG_IP,17,0.015206,0.014863,0.002342
8,5,1.00,CG_IP,18,0.014367,0.013982,0.002338
8,5,1.00,CG_IP,19,0.015436,0.015048,0.002102
8,5,1.00,CG_IP,20,0.015273,0.014925,0.002097
8,5,1.00,CG_IP,21,0.015230,0.014885,0.002088
8,5,1.00,CG_IP,22,0.014778,0.014428,0.002054
8,5,1.00,CG_IP,23,0.014449,0.014090,0.002367
8,5,1.00,CG_IP,24,0.015156,0.014775,0.002196
8,5,1.00,CG_IP,25,0.014917,0.014544,0.002255
8,5,1.00,CG_IP,26,0.015440,0.015062,0.002288
8,5,1.00,CG_IP,27,0.015327,0.014969,0.002183
8,5,1.00,CG_heur_IPverify,1,0.015362,0.014989,0.002275
8,5,0.90,CG_IP,1,0.016269,0.015901,0.002079
8,5,0.90,CG_IP,2,0.015399,0.015002,0.002401
8,5,0.90,CG_IP,3,0.014951,0.014563,0.002845
8,5,0.90,CG_IP,4,0.015672,0.015311,0.002208
8,5,0.90,CG_IP,5,0.014918,0.014532,0.002124
8,5,0.90,CG_IP,6,0.014267,0.013658,0.005004
8,5,0.90,CG_IP,7,0.015511,0.015121,0.002298
8,5,0.90,CG_IP,8,0.015368,0.015012,0.002445
8,5,0.90,CG_IP,9,0.015704,0.015332,0.002174
8,5,0.90,CG_IP,10,0.013993,0.013600,0.002395
8,5,0.90,CG_IP,11,0.015472,0.015111,0.002359
8,5,0.90,CG_IP,12,0.013961,0.013606,0.002246
8,5,0.90,CG_IP,13,0.015310,0.014964,0.002348
8,5,0.90,CG_IP,14,0.015328,0.014961,0.002678
8,5,0.90,CG_IP,15,0.015651,0.015294,0.002448
8,5,0.90,CG_IP,16,0.015238,0.014844,0.002226
8,5,0.90,CG_IP,17,0.015083,0.014729,0.003267
8,5,0.90,CG_IP,18,0.015126,0.014753,0.003317
8,5,0.90,CG_IP,19,0.015004,0.014610,0.002311
8,5,0.90,CG_IP,20,0.015008,0.014627,0.002564
8,5,0.90,CG_IP,21,0.015217,0.014860,0.002184
8,5,0.90,CG_IP,22,0.014956,0.014603,0.002082
8,5,0.90,CG_IP,23,0.015364,0.014999,0.002198
8,5,0.90,CG_IP,24,0.014997,0.014641,0.002185
8,5,0.90,CG_IP,25,0.015405,0.015022,0.002118
8,5,0.90,CG_IP,26,0.014419,0.014044,0.002139
8,5,0.90,CG_IP,27,0.014710,0.014321,0.002179
8,5,0.90,CG_IP,28,0.015380,0.014984,0.002197
8,5,0.90,CG_heur_IPverify,1,0.013814,0.013434,0.002188
8,5,0.80,CG_IP,1,0.014586,0.014235,0.002451
8,5,0.80,CG_IP,2,0.015156,0.014754,0.002385
8,5,0.80,CG_IP,3,0.014364,0.013966,0.002291
8,5,0.80,CG_IP,4,0.015421,0.015019,0.002155
8,5,0.80,CG_IP,5,0.013385,0.013007,0.002327
8,5,0.80,CG_IP,6,0.015301,0.014924,0.002150
8,5,0.80,CG_IP,7,0.013666,0.013284,0.002246
8,5,0.80,CG_IP,8,0.015085,0.014712,0.002170
8,5,0.80,CG_IP,9,0.013847,0.013457,0.002253
8,5,0.80,CG_IP,10,0.014418,0.014028,0.002528
8,5,0.80,CG_IP,11,0.014484,0.014101,0.002237
8,5,0.80,CG_IP,12,0.014477,0.014086,0.002157
8,5,0.80,CG_IP,13,0.015311,0.014925,0.002087
8,5,0.80,CG_IP,14,0.014955,0.014571,0.002191
8,5,0.80,CG_IP,15,0.014869,0.014475,0.002239
8,5,0.80,CG_IP,16,0.015308,0.014931,0.002304
8,5,0.80,CG_IP,17,0.015403,0.015031,0.002496
8,5,0.80,CG_IP,18,0.015276,0.014906,0.002647
8,5,0.80,CG_IP,19,0.013839,0.013477,0.002068
8,5,0.80,CG_IP,20,0.015224,0.014845,0.002151
8,5,0.80,CG_IP,21,0.015548,0.015175,0.002373
8,5,0.80,CG_IP,22,0.014875,0.014509,0.002147
8,5,0.80,CG_IP,23,0.015662,0.015288,0.002086
8,5,0.80,CG_IP,24,0.015254,0.014887,0.002587
8,5,0.80,CG_IP,25,0.015674,0.015286,0.002138
8,5,0.80,CG_IP,26,0.013484,0.013130,0.002776
8,5,0.80,CG_heur_IPverify,1,0.015945,0.015532,0.002427
8,5,0.80,CG_heur_IPverify,2,0.015326,0.014951,0.002592
8,5,0.70,CG_IP,1,0.019520,0.018732,0.003866
8,5,0.70,CG_IP,2,0.014330,0.013544,0.002239
8,5,0.70,CG_IP,3,0.013141,0.012690,0.002316
8,5,0.70,CG_IP,4,0.014555,0.014033,0.002688
8,5,0.70,CG_IP,5,0.013995,0.013545,0.002369
8,5,0.70,CG_IP,6,0.014499,0.013897,0.002502
8,5,0.70,CG_IP,7,0.014484,0.014115,0.002726
8,5,0.70,CG_IP,8,0.014350,0.013689,0.002511
8,5,0.70,CG_IP,9,0.013729,0.013353,0.002788
8,5,0.70,CG_IP,10,0.013316,0.012531,0.002199
8,5,0.70,CG_IP,11,0.015441,0.015037,0.002045
8,5,0.70,CG_IP,12,0.014931,0.014559,0.002193
8,5,0.70,CG_IP,13,0.014018,0.013656,0.002065
8,5,0.70,CG_IP,14,0.015458,0.015088,0.002155
8,5,0.70,CG_IP,15,0.013615,0.013251,0.002155
8,5,0.70,CG_IP,16,0.013870,0.013477,0.002201
8,5,0.70,CG_IP,17,0.015282,0.014887,0.002104
8,5,0.70,CG_IP,18,0.014204,0.013820,0.002229
8,5,0.70,CG_IP,19,0.014738,0.014368,0.002305
8,5,0.70,CG_IP,20,0.013461,0.013045,0.002244
8,5,0.70,CG_IP,21,0.015338,0.014960,0.002384
8,5,0.70,CG_IP,22,0.015308,0.014949,0.002223
8,5,0.70,CG_IP,23,0.015243,0.014881,0.002158
8,5,0.70,CG_IP,24,0.015097,0.014708,0.002177
8,5,0.70,CG_IP,25,0.014888,0.014508,0.002192
8,5,0.70,CG_IP,26,0.015048,0.014659,0.002199
8,5,0.70,CG_IP,27,0.015285,0.014936,0.002019
8,5,0.70,CG_heur_IPverify,1,0.013502,0.013056,0.002601
8,5,0.60,CG_IP,1,0.014786,0.014450,0.002110
8,5,0.60,CG_IP,2,0.015302,0.014942,0.002156
8,5,0.60,CG_IP,3,0.015294,0.014935,0.002246
8,5,0.60,CG_IP,4,0.015659,0.015290,0.002298
8,5,0.60,CG_IP,5,0.015233,0.014863,0.002072
8,5,0.60,CG_IP,6,0.015329,0.014960,0.002129
8,5,0.60,CG_IP,7,0.014844,0.014486,0.002303
8,5,0.60,CG_IP,8,0.015330,0.014972,0.002378
8,5,0.60,CG_IP,9,0.015286,0.014929,0.002214
8,5,0.60,CG_IP,10,0.015416,0.015026,0.002788
8,5,0.60,CG_IP,11,0.015574,0.015209,0.002389
8,5,0.60,CG_IP,12,0.015441,0.015086,0.002186
8,5,0.60,CG_IP,13,0.015579,0.015195,0.002457
8,5,0.60,CG_IP,14,0.015442,0.015052,0.002228
8,5,0.60,CG_IP,15,0.014692,0.014293,0.002371
8,5,0.60,CG_IP,16,0.014545,0.014144,0.002153
8,5,0.60,CG_IP,17,0.015314,0.014950,0.002399
8,5,0.60,CG_IP,18,0.014623,0.014251,0.002129
8,5,0.60,CG_IP,19,0.015329,0.014986,0.002407
8,5,0.60,CG_IP,20,0.015288,0.014934,0.002138
8,5,0.60,CG_IP,21,0.014864,0.014495,0.002248
8,5,0.60,CG_IP,22,0.015339,0.014964,0.002216
8,5,0.60,CG_IP,23,0.015372,0.014979,0.002186
8,5,0.60,CG_IP,24,0.014036,0.013653,0.002004
8,5,0.60,CG_IP,25,0.015083,0.014708,0.004040
8,5,0.60,CG_IP,26,0.012944,0.012562,0.002308
8,5,0.60,CG_IP,27,0.015935,0.015227,0.002553
8,5,0.60,CG_heur_IPverify,1,0.015383,0.015009,0.002984
8,5,0.50,CG_IP,1,0.015441,0.015073,0.002394
8,5,0.50,CG_IP,2,0.015418,0.015051,0.002105
8,5,0.50,CG_IP,3,0.015405,0.015039,0.002080
8,5,0.50,CG_IP,4,0.015203,0.014811,0.003314
8,5,0.50,CG_IP,5,0.014890,0.014506,0.002421
8,5,0.50,CG_IP,6,0.015040,0.014681,0.002367
8,5,0.50,CG_IP,7,0.015298,0.014935,0.002474
8,5,0.50,CG_IP,8,0.015281,0.014903,0.002286
8,5,0.50,CG_IP,9,0.015288,0.014909,0.002205
8,5,0.50,CG_IP,10,0.015425,0.015068,0.002179
8,5,0.50,CG_IP,11,0.015260,0.014878,0.002168
8,5,0.50,CG_IP,12,0.015226,0.014862,0.002256
8,5,0.50,CG_IP,13,0.014755,0.014341,0.002250
8,5,0.50,CG_IP,14,0.015196,0.014800,0.002365
8,5,0.50,CG_IP,15,0.015327,0.014955,0.002239
8,5,0.50,CG_IP,16,0.015447,0.015084,0.002063
8,5,0.50,CG_IP,17,0.014741,0.014380,0.002294
8,5,0.50,CG_IP,18,0.015026,0.014653,0.002162
8,5,0.50,CG_IP,19,0.013161,0.012787,0.002157
8,5,0.50,CG_IP,20,0.015397,0.015025,0.002207
8,5,0.50,CG_IP,21,0.015427,0.015049,0.002103
8,5,0.50,CG_IP,22,0.015243,0.014883,0.002073
8,5,0.50,CG_IP,23,0.015312,0.014963,0.002155
8,5,0.50,CG_IP,24,0.015290,0.014920,0.002391
8,5,0.50,CG_IP,25,0.014739,0.014370,0.002305
8,5,0.50,CG_IP,26,0.015322,0.014951,0.002286
8,5,0.50,CG_IP,27,0.015298,0.014945,0.002569
8,5,0.50,CG_IP,28,0.015098,0.014740,0.002295
8,5,0.50,CG_IP,29,0.015296,0.014941,0.002267
8,5,0.50,CG_IP,30,0.015483,0.015128,0.002350
8,5,0.50,CG_IP,31,0.015503,0.015117,0.002215
8,5,0.50,CG_IP,32,0.015449,0.015057,0.002268
8,5,0.50,CG_IP,33,0.015371,0.014986,0.002168
8,5,0.50,CG_IP,34,0.015381,0.015003,0.002204
8,5,0.50,CG_IP,35,0.014992,0.014644,0.002150
8,5,0.50,CG_IP,36,0.015405,0.015008,0.001618
8,5,0.50,CG_heur_IPverify,1,0.015426,0.015049,0.002233
8,5,0.50,CG_heur_IPverify,2,0.015707,0.015338,0.001785
8,5,0.40,CG_IP,1,0.015330,0.014974,0.002004
8,5,0.40,CG_IP,2,0.015301,0.014925,0.002076
8,5,0.40,CG_IP,3,0.014673,0.014319,0.003392
8,5,0.40,CG_IP,4,0.014678,0.014315,0.002942
8,5,0.40,CG_IP,5,0.015384,0.015022,0.002653
8,5,0.40,CG_IP,6,0.015490,0.015123,0.002294
8,5,0.40,CG_IP,7,0.015398,0.015024,0.002381
8,5,0.40,CG_IP,8,0.015580,0.015204,0.002338
8,5,0.40,CG_IP,9,0.015523,0.015132,0.002309
8,5,0.40,CG_IP,10,0.014630,0.014262,0.002080
8,5,0.40,CG_IP,11,0.015305,0.014279,0.002368
8,5,0.40,CG_IP,12,0.016045,0.015655,0.004118
8,5,0.40,CG_IP,13,0.015497,0.015134,0.002552
8,5,0.40,CG_IP,14,0.015248,0.014896,0.002160
8,5,0.40,CG_IP,15,0.015279,0.014902,0.002300
8,5,0.40,CG_IP,16,0.015335,0.014964,0.002361
8,5,0.40,CG_IP,17,0.015346,0.014969,0.002186
8,5,0.40,CG_IP,18,0.014761,0.014383,0.002261
8,5,0.40,CG_IP,19,0.015302,0.014917,0.003337
8,5,0.40,CG_IP,20,0.015773,0.015400,0.002361
8,5,0.40,CG_IP,21,0.015418,0.015040,0.002193
8,5,0.40,CG_IP,22,0.014243,0.013859,0.002145
8,5,0.40,CG_IP,23,0.015278,0.014910,0.002131
8,5,0.40,CG_IP,24,0.014755,0.014380,0.002175
8,5,0.40,CG_IP,25,0.014297,0.013921,0.002145
8,5,0.40,CG_IP,26,0.015352,0.014928,0.002350
8,5,0.40,CG_IP,27,0.013450,0.013068,0.001582
8,5,0.40,CG_heur_IPverify,1,0.015282,0.014916,0.003174
8,5,0.40,CG_heur_IPverify,2,0.013564,0.013186,0.002835
8,5,0.40,CG_heur_IPverify,3,0.015400,0.015030,0.002893
8,5,0.40,CG_heur_IPverify,4,0.015517,0.015160,0.001684
8,5,0.30,CG_IP,1,0.015232,0.014867,0.002132
8,5,0.30,CG_IP,2,0.014218,0.013854,0.002616
8,5,0.30,CG_IP,3,0.015344,0.014978,0.002278
8,5,0.30,CG_IP,4,0.015397,0.015040,0.002335
8,5,0.30,CG_IP,5,0.014963,0.014536,0.002630
8,5,0.30,CG_IP,6,0.015263,0.014881,0.002367
8,5,0.30,CG_IP,7,0.015195,0.014835,0.002180
8,5,0.30,CG_IP,8,0.015107,0.014755,0.002193
8,5,0.30,CG_IP,9,0.015121,0.014740,0.002101
8,5,0.30,CG_IP,10,0.015375,0.015007,0.002453
8,5,0.30,CG_IP,11,0.015333,0.014968,0.002086
8,5,0.30,CG_IP,12,0.014964,0.014587,0.002114
8,5,0.30,CG_IP,13,0.015186,0.014784,0.002284
8,5,0.30,CG_IP,14,0.014649,0.014279,0.002043
8,5,0.30,CG_IP,15,0.014420,0.014021,0.002319
8,5,0.30,CG_IP,16,0.014851,0.014482,0.002214
8,5,0.30,CG_IP,17,0.014920,0.014521,0.002242
8,5,0.30,CG_IP,18,0.013440,0.013051,0.002217
8,5,0.30,CG_IP,19,0.014927,0.014538,0.002341
8,5,0.30,CG_IP,20,0.015310,0.014933,0.002440
8,5,0.30,CG_IP,21,0.015222,0.014851,0.002231
8,5,0.30,CG_IP,22,0.015398,0.015034,0.002376
8,5,0.30,CG_IP,23,0.015269,0.014904,0.002292
8,5,0.30,CG_IP,24,0.015287,0.014914,0.002182
8,5,0.30,CG_IP,25,0.014995,0.014622,0.002102
8,5,0.30,CG_IP,26,0.015220,0.014843,0.002044
8,5,0.30,CG_IP,27,0.015453,0.015091,0.002180
8,5,0.30,CG_IP,28,0.015286,0.014929,0.001774
8,5,0.30,CG_heur_IPverify,1,0.015294,0.014917,0.002498
8,5,0.30,CG_heur_IPverify,2,0.015221,0.014845,0.003435
8,5,0.30,CG_heur_IPverify,3,0.015275,0.014887,0.001624
8,5,0.20,CG_IP,1,0.015841,0.015210,0.003203
8,5,0.20,CG_IP,2,0.018188,0.017319,0.003234
8,5,0.20,CG_IP,3,0.014561,0.014184,0.002644
8,5,0.20,CG_IP,4,0.014349,0.013462,0.002181
8,5,0.20,CG_IP,5,0.014249,0.013552,0.002208
8,5,0.20,CG_IP,6,0.014326,0.013761,0.002382
8,5,0.20,CG_IP,7,0.013963,0.013589,0.002522
8,5,0.20,CG_IP,8,0.014351,0.013918,0.002248
8,5,0.20,CG_IP,9,0.015298,0.014938,0.002089
8,5,0.20,CG_IP,10,0.015362,0.014981,0.002228
8,5,0.20,CG_IP,11,0.015264,0.014905,0.002159
8,5,0.20,CG_IP,12,0.015256,0.014877,0.002268
8,5,0.20,CG_IP,13,0.015052,0.014692,0.002210
8,5,0.20,CG_IP,14,0.015279,0.014911,0.002457
8,5,0.20,CG_IP,15,0.015294,0.014925,0.002185
8,5,0.20,CG_IP,16,0.013681,0.013329,0.002195
8,5,0.20,CG_IP,17,0.015245,0.014872,0.002656
8,5,0.20,CG_IP,18,0.015272,0.014900,0.002153
8,5,0.20,CG_IP,19,0.015130,0.014771,0.002196
8,5,0.20,CG_IP,20,0.015267,0.014917,0.002443
8,5,0.20,CG_IP,21,0.015370,0.015001,0.002275
8,5,0.20,CG_IP,22,0.015382,0.015022,0.002183
8,5,0.20,CG_IP,23,0.015272,0.014875,0.003290
8,5,0.20,CG_IP,24,0.014540,0.014180,0.002702
8,5,0.20,CG_IP,25,0.015430,0.015063,0.002437
8,5,0.20,CG_IP,26,0.015013,0.014639,0.002526
8,5,0.20,CG_IP,27,0.013231,0.012877,0.002564
8,5,0.20,CG_IP,28,0.014272,0.013882,0.001706
8,5,0.20,CG_heur_IPverify,1,0.015395,0.015007,0.002085
8,5,0.20,CG_heur_IPverify,2,0.015324,0.014928,0.002373
8,5,0.20,CG_heur_IPverify,3,0.014827,0.014461,0.002192
8,5,0.20,CG_heur_IPverify,4,0.014361,0.013966,0.002035
8,5,0.20,CG_heur_IPverify,5,0.015307,0.014916,0.002372
8,5,0.20,CG_heur_IPverify,6,0.015361,0.014977,0.001569
8,5,0.10,CG_IP,1,0.015203,0.014851,0.002066
8,5,0.10,CG_IP,2,0.015491,0.015121,0.002315
8,5,0.10,CG_IP,3,0.015242,0.014876,0.002252
8,5,0.10,CG_IP,4,0.015299,0.014936,0.002231
8,5,0.10,CG_IP,5,0.013038,0.012670,0.002336
8,5,0.10,CG_IP,6,0.015267,0.014906,0.002242
8,5,0.10,CG_IP,7,0.015524,0.015147,0.002357
8,5,0.10,CG_IP,8,0.015400,0.015057,0.002141
8,5,0.10,CG_IP,9,0.013524,0.013152,0.002733
8,5,0.10,CG_IP,10,0.015318,0.014958,0.002458
8,5,0.10,CG_IP,11,0.015327,0.014953,0.002078
8,5,0.10,CG_IP,12,0.015299,0.014909,0.003036
8,5,0.10,CG_IP,13,0.015255,0.014882,0.002557
8,5,0.10,CG_IP,14,0.014926,0.014570,0.002079
8,5,0.10,CG_IP,15,0.015263,0.014898,0.002226
8,5,0.10,CG_IP,16,0.015292,0.014926,0.002263
8,5,0.10,CG_IP,17,0.015314,0.014961,0.002439
8,5,0.10,CG_IP,18,0.015420,0.015041,0.002410
8,5,0.10,CG_IP,19,0.015089,0.014719,0.002660
8,5,0.10,CG_IP,20,0.015376,0.015004,0.003793
8,5,0.10,CG_IP,21,0.015589,0.015182,0.002421
8,5,0.10,CG_IP,22,0.015206,0.014819,0.002240
8,5,0.10,CG_IP,23,0.021434,0.020775,0.002194
8,5,0.10,CG_IP,24,0.017655,0.017221,0.002123
8,5,0.10,CG_heur_IPverify,1,0.015514,0.015142,0.002835
8,5,0.10,CG_heur_IPverify,2,0.015777,0.015383,0.002391
8,5,0.10,CG_heur_IPverify,3,0.015800,0.015406,0.002233
8,5,0.10,CG_heur_IPverify,4,0.014363,0.013980,0.002313
8,5,0.10,CG_heur_IPverify,5,0.015342,0.014948,0.002398
8,5,0.10,CG_heur_IPverify,6,0.014325,0.013955,0.002475
8,5,0.10,CG_heur_IPverify,7,0.015418,0.015026,0.001688
8,5,0.00,CG_IP,1,0.015347,0.014993,0.002360
8,5,0.00,CG_IP,2,0.014758,0.014396,0.002255
8,5,0.00,CG_IP,3,0.015444,0.015056,0.002359
8,5,0.00,CG_IP,4,0.015712,0.015325,0.002303
8,5,0.00,CG_IP,5,0.015392,0.014950,0.002142
8,5,0.00,CG_IP,6,0.015172,0.014804,0.002129
8,5,0.00,CG_IP,7,0.013922,0.013512,0.002599
8,5,0.00,CG_IP,8,0.015152,0.014791,0.002253
8,5,0.00,CG_IP,9,0.015385,0.015001,0.002273
8,5,0.00,CG_IP,10,0.015412,0.015023,0.002910
8,5,0.00,CG_IP,11,0.015214,0.014863,0.002009
8,5,0.00,CG_IP,12,0.015428,0.015051,0.002251
8,5,0.00,CG_IP,13,0.015234,0.014860,0.002043
8,5,0.00,CG_IP,14,0.014654,0.014299,0.002382
8,5,0.00,CG_IP,15,0.014794,0.014420,0.002275
8,5,0.00,CG_IP,16,0.015344,0.014968,0.002179
8,5,0.00,CG_IP,17,0.015351,0.014993,0.002371
8,5,0.00,CG_IP,18,0.015302,0.014948,0.002132
8,5,0.00,CG_IP,19,0.015250,0.014896,0.002137
8,5,0.00,CG_IP,20,0.015243,0.014890,0.002966
8,5,0.00,CG_IP,21,0.015101,0.014732,0.002582
8,5,0.00,CG_IP,22,0.014951,0.014589,0.002206
8,5,0.00,CG_IP,23,0.015303,0.014938,0.001665
8,5,0.00,CG_heur_IPverify,1,0.015378,0.014965,0.002212
8,5,0.00,CG_heur_IPverify,2,0.015766,0.015398,0.002519
8,5,0.00,CG_heur_IPverify,3,0.015291,0.014915,0.002203
8,5,0.00,CG_heur_IPverify,4,0.015417,0.015041,0.002344
8,5,0.00,CG_heur_IPverify,5,0.015368,0.014991,0.002456
8,5,0.00,CG_heur_IPverify,6,0.015316,0.014927,0.001661
