county,prec_id,year,method,birthday,city,N,birthyr,pct,co,precinct
Flathead,PREC 01,2014,absent,1957-10-05,0.9746192893401016,197,1957.7616541066025,0.5660919540229885,Flathead,1
Flathead,PREC 01,2014,polls,1962-04-24,0.9536423841059603,151,1962.3106282098354,0.4339080459770115,Flathead,1
Flathead,PREC 01,2016,absent,1964-03-14,0.9643916913946587,337,1964.1996803132686,0.5682967959527825,Flathead,1
Flathead,PREC 01,2016,polls,1969-01-20,0.94140625,256,1969.053741016427,0.4317032040472175,Flathead,1
Flathead,PREC 01,2017,absent,1961-09-07,0.9552238805970149,268,1961.6828281589997,0.67,Flathead,1
Flathead,PREC 01,2017,polls,1965-01-05,0.9545454545454546,132,1965.0125277414804,0.33,Flathead,1
Flathead,PREC 02,2014,absent,1954-01-16,1,283,1954.0415805041805,0.5995762711864406,Flathead,2
Flathead,PREC 02,2014,polls,1962-08-06,1,189,1962.5950262377366,0.4004237288135593,Flathead,2
Flathead,PREC 02,2016,absent,1959-04-15,1,482,1959.2849892502436,0.5657276995305164,Flathead,2
Flathead,PREC 02,2016,polls,1970-08-08,1,370,1970.6019645929298,0.43427230046948356,Flathead,2
Flathead,PREC 02,2017,absent,1956-12-29,1,385,1956.9925349120422,0.6912028725314183,Flathead,2
Flathead,PREC 02,2017,polls,1968-02-14,1,172,1968.119908313834,0.3087971274685817,Flathead,2
Flathead,PREC 03,2014,absent,1956-01-02,0.6722222222222223,360,1956.0031028975588,0.6338028169014085,Flathead,3
Flathead,PREC 03,2014,polls,1962-08-10,0.5384615384615384,208,1962.6069736218608,0.36619718309859156,Flathead,3
Flathead,PREC 03,2016,absent,1959-12-01,0.6280487804878049,492,1959.9163286088713,0.5648679678530425,Flathead,3
Flathead,PREC 03,2016,polls,1968-06-06,0.554089709762533,379,1968.428842066102,0.4351320321469575,Flathead,3
Flathead,PREC 03,2017,absent,1957-11-27,0.6270783847980997,421,1957.9052742646904,0.6661392405063291,Flathead,3
Flathead,PREC 03,2017,polls,1964-10-10,0.5924170616113744,211,1964.7752724064217,0.3338607594936709,Flathead,3
Flathead,PREC 04,2014,absent,1957-01-19,0.9918256130790191,367,1957.0506222642473,0.6147403685092128,Flathead,4
Flathead,PREC 04,2014,polls,1963-06-16,1,230,1963.4546915453977,0.3852596314907873,Flathead,4
Flathead,PREC 04,2016,absent,1963-01-19,0.9945652173913043,552,1963.04900356119,0.5755995828988529,Flathead,4
Flathead,PREC 04,2016,polls,1970-06-10,0.9975429975429976,407,1970.4391727923555,0.424400417101147,Flathead,4
Flathead,PREC 04,2017,absent,1960-11-15,0.9936305732484076,471,1960.8737028269327,0.6796536796536796,Flathead,4
Flathead,PREC 04,2017,polls,1965-07-02,1,222,1965.499281622485,0.3203463203463203,Flathead,4
Flathead,PREC 05,2014,absent,1954-05-07,0.6356968215158925,409,1954.347586557755,0.5970802919708029,Flathead,5
Flathead,PREC 05,2014,polls,1962-09-08,0.6340579710144928,276,1962.6865954428672,0.4029197080291971,Flathead,5
Flathead,PREC 05,2016,absent,1960-05-15,0.6324921135646687,634,1960.3706333115256,0.5701438848920863,Flathead,5
Flathead,PREC 05,2016,polls,1969-03-13,0.700836820083682,478,1969.196263234616,0.42985611510791366,Flathead,5
Flathead,PREC 05,2017,absent,1956-11-05,0.6376237623762376,505,1956.8472347029365,0.6424936386768448,Flathead,5
Flathead,PREC 05,2017,polls,1964-11-03,0.6405693950177936,281,1964.8416650224947,0.3575063613231552,Flathead,5
Flathead,PREC 06,2014,absent,1954-03-22,0.5259391771019678,1118,1954.2198484386536,0.6557184750733138,Flathead,6
Flathead,PREC 06,2014,polls,1959-08-10,0.3390119250425894,587,1959.605005556158,0.34428152492668623,Flathead,6
Flathead,PREC 06,2016,absent,1958-05-15,0.5075508864084045,1523,1958.3678661167596,0.6369719782517775,Flathead,6
Flathead,PREC 06,2016,polls,1965-03-26,0.3490783410138249,868,1965.2317395130538,0.3630280217482225,Flathead,6
Flathead,PREC 06,2017,absent,1957-03-23,0.5096153846153846,1352,1957.222954610808,0.7218366257341164,Flathead,6
Flathead,PREC 06,2017,polls,1960-08-01,0.3416506717850288,521,1960.5837954441847,0.2781633742658836,Flathead,6
Flathead,PREC 07,2014,absent,1954-09-05,0,452,1954.6781147595598,0.6579330422125182,Flathead,7
Flathead,PREC 07,2014,polls,1961-04-26,0,235,1961.3169819563982,0.3420669577874818,Flathead,7
Flathead,PREC 07,2016,absent,1959-02-23,0,636,1959.1466127706103,0.6109510086455331,Flathead,7
Flathead,PREC 07,2016,polls,1966-01-05,0,405,1966.0117085371933,0.38904899135446686,Flathead,7
Flathead,PREC 07,2017,absent,1957-08-07,0,569,1957.5998599798631,0.7211660329531052,Flathead,7
Flathead,PREC 07,2017,polls,1962-10-22,0,220,1962.806321946363,0.2788339670468948,Flathead,7
Flathead,PREC 08,2014,absent,1955-05-10,0,329,1955.3544372530785,0.5741710296684118,Flathead,8
Flathead,PREC 08,2014,polls,1959-12-25,0,244,1959.9811155619886,0.4258289703315881,Flathead,8
Flathead,PREC 08,2016,absent,1959-04-10,0,439,1959.27126083018,0.5473815461346634,Flathead,8
Flathead,PREC 08,2016,polls,1964-04-18,0,363,1964.295224034257,0.45261845386533667,Flathead,8
Flathead,PREC 08,2017,absent,1957-11-09,0,383,1957.8559947673452,0.6351575456053068,Flathead,8
Flathead,PREC 08,2017,polls,1960-01-02,0,220,1960.0030987493,0.3648424543946932,Flathead,8
Flathead,PREC 11,2014,absent,1954-07-16,0,357,1954.5391955550188,0.4811320754716981,Flathead,11
Flathead,PREC 11,2014,polls,1957-05-24,0,385,1957.3941954007662,0.5188679245283019,Flathead,11
Flathead,PREC 11,2016,absent,1959-10-10,0,512,1959.771549880219,0.4785046728971963,Flathead,11
Flathead,PREC 11,2016,polls,1962-03-26,0,558,1962.2309558681022,0.5214953271028038,Flathead,11
Flathead,PREC 11,2017,absent,1958-02-04,0,451,1958.0936514946632,0.5466666666666666,Flathead,11
Flathead,PREC 11,2017,polls,1958-10-23,0,374,1958.8098474782857,0.4533333333333333,Flathead,11
Flathead,PREC 13,2014,absent,1952-03-13,0,504,1952.1961746140391,0.5316455696202531,Flathead,13
Flathead,PREC 13,2014,polls,1955-03-26,0,444,1955.2301274580536,0.46835443037974683,Flathead,13
Flathead,PREC 13,2016,absent,1956-10-29,0,703,1956.827670207763,0.4878556557945871,Flathead,13
Flathead,PREC 13,2016,polls,1962-11-30,0,738,1962.9134627691246,0.5121443442054129,Flathead,13
Flathead,PREC 13,2017,absent,1954-11-25,0,608,1954.8990147339603,0.5714285714285714,Flathead,13
Flathead,PREC 13,2017,polls,1958-06-30,0,456,1958.4952988220036,0.42857142857142855,Flathead,13
Flathead,PREC 14,2014,absent,1954-11-21,0,246,1954.8885216162223,0.5801886792452831,Flathead,14
Flathead,PREC 14,2014,polls,1958-09-14,0,178,1958.702227964531,0.419811320754717,Flathead,14
Flathead,PREC 14,2016,absent,1959-05-14,0,333,1959.3635401315073,0.5842105263157895,Flathead,14
Flathead,PREC 14,2016,polls,1964-09-15,0,237,1964.7071337185962,0.41578947368421054,Flathead,14
Flathead,PREC 14,2017,absent,1957-07-27,0,290,1957.5681937265454,0.6029106029106029,Flathead,14
Flathead,PREC 14,2017,polls,1961-05-26,0,191,1961.3996079569683,0.3970893970893971,Flathead,14
Flathead,PREC 15,2014,absent,1959-04-19,0,285,1959.2970303925454,0.4965156794425087,Flathead,15
Flathead,PREC 15,2014,polls,1961-05-30,0,289,1961.411324186638,0.5034843205574913,Flathead,15
Flathead,PREC 15,2016,absent,1963-06-06,0,443,1963.4276315891123,0.46290491118077326,Flathead,15
Flathead,PREC 15,2016,polls,1965-12-24,0,514,1965.979652548625,0.5370950888192267,Flathead,15
Flathead,PREC 15,2017,absent,1961-01-18,0,368,1961.0496607445764,0.5575757575757576,Flathead,15
Flathead,PREC 15,2017,polls,1961-11-02,0,292,1961.8374729262187,0.44242424242424244,Flathead,15
Flathead,PREC 16,2014,absent,1955-01-24,0.8629283489096573,321,1955.0630793145137,0.5323383084577115,Flathead,16
Flathead,PREC 16,2014,polls,1963-11-19,0.9078014184397163,282,1963.8835733807118,0.46766169154228854,Flathead,16
Flathead,PREC 16,2016,absent,1960-02-02,0.8855291576673866,463,1960.0864374381877,0.48634453781512604,Flathead,16
Flathead,PREC 16,2016,polls,1967-12-18,0.901840490797546,489,1967.9625239177021,0.5136554621848739,Flathead,16
Flathead,PREC 16,2017,absent,1957-06-10,0.8794520547945206,365,1957.44059332602,0.5641421947449768,Flathead,16
Flathead,PREC 16,2017,polls,1965-08-25,0.8936170212765957,282,1965.6492444211435,0.43585780525502316,Flathead,16
Flathead,PREC 17,2014,absent,1954-10-26,0,122,1954.818078791755,0.6224489795918368,Flathead,17
Flathead,PREC 17,2014,polls,1954-04-02,0,74,1954.2515862885473,0.37755102040816324,Flathead,17
Flathead,PREC 17,2016,absent,1958-11-06,0,165,1958.847572231556,0.5913978494623656,Flathead,17
Flathead,PREC 17,2016,polls,1961-08-07,0,114,1961.5981363401659,0.40860215053763443,Flathead,17
Flathead,PREC 17,2017,absent,1958-02-02,0,154,1958.0889268158262,0.6609442060085837,Flathead,17
Flathead,PREC 17,2017,polls,1961-08-31,0,79,1961.665081139154,0.33905579399141633,Flathead,17
Flathead,PREC 18,2014,absent,1954-12-17,0.028688524590163935,488,1954.9607556019344,0.5202558635394456,Flathead,18
Flathead,PREC 18,2014,polls,1958-11-16,0.0022222222222222222,450,1958.8737942048824,0.47974413646055436,Flathead,18
Flathead,PREC 18,2016,absent,1958-08-27,0.02158273381294964,695,1958.6527312031278,0.4911660777385159,Flathead,18
Flathead,PREC 18,2016,polls,1964-02-26,0.001388888888888889,720,1964.154285496996,0.508833922261484,Flathead,18
Flathead,PREC 18,2017,absent,1957-07-13,0.01788617886178862,615,1957.5314758239986,0.5818353831598865,Flathead,18
Flathead,PREC 18,2017,polls,1960-09-20,0.0022624434389140274,442,1960.7195344414815,0.4181646168401135,Flathead,18
Flathead,PREC 19,2014,absent,1955-09-06,0,305,1955.680196586663,0.49432739059967584,Flathead,19
Flathead,PREC 19,2014,polls,1961-11-24,0,312,1961.8983572895277,0.5056726094003241,Flathead,19
Flathead,PREC 19,2016,absent,1962-02-20,0,489,1962.1388465473826,0.4812992125984252,Flathead,19
Flathead,PREC 19,2016,polls,1966-04-07,0,527,1966.2649844729572,0.5187007874015748,Flathead,19
Flathead,PREC 19,2017,absent,1958-07-31,0,402,1958.5790622520526,0.5742857142857143,Flathead,19
Flathead,PREC 19,2017,polls,1962-01-05,0,298,1962.0114567111798,0.4257142857142857,Flathead,19
Flathead,PREC 20,2014,absent,1957-10-11,0.9519071310116086,603,1957.776277181285,0.5688679245283019,Flathead,20
Flathead,PREC 20,2014,polls,1963-05-24,0.949671772428884,457,1963.3935181232841,0.43113207547169813,Flathead,20
Flathead,PREC 20,2016,absent,1962-08-06,0.9585152838427947,916,1962.5952195212349,0.5636923076923077,Flathead,20
Flathead,PREC 20,2016,polls,1968-07-04,0.9590973201692524,709,1968.506817113305,0.4363076923076923,Flathead,20
Flathead,PREC 20,2017,absent,1961-08-08,0.9613947696139477,803,1961.6011500337117,0.6134453781512605,Flathead,20
Flathead,PREC 20,2017,polls,1967-04-10,0.9565217391304348,506,1967.2706874115677,0.3865546218487395,Flathead,20
Flathead,PREC 21,2014,absent,1954-05-11,0,335,1954.3583070274908,0.5464926590538336,Flathead,21
Flathead,PREC 21,2014,polls,1959-10-18,0,278,1959.7939127137715,0.4535073409461664,Flathead,21
Flathead,PREC 21,2016,absent,1959-03-04,0,476,1959.1710466527472,0.5173913043478261,Flathead,21
Flathead,PREC 21,2016,polls,1965-02-24,0,444,1965.1498479999507,0.4826086956521739,Flathead,21
Flathead,PREC 21,2017,absent,1956-08-07,0,409,1956.5988496340885,0.6150375939849624,Flathead,21
Flathead,PREC 21,2017,polls,1960-11-29,0,256,1960.9106562286106,0.3849624060150376,Flathead,21
Flathead,PREC 23,2014,absent,1955-04-13,0,249,1955.2791480775945,0.4330434782608696,Flathead,23
Flathead,PREC 23,2014,polls,1958-03-04,0,326,1958.1709729028357,0.5669565217391305,Flathead,23
Flathead,PREC 23,2016,absent,1959-04-18,0,356,1959.2948726822478,0.42280285035629456,Flathead,23
Flathead,PREC 23,2016,polls,1962-05-11,0,486,1962.3572106595911,0.5771971496437055,Flathead,23
Flathead,PREC 23,2017,absent,1958-05-30,0,309,1958.4095080507432,0.49203821656050956,Flathead,23
Flathead,PREC 23,2017,polls,1959-08-31,0,319,1959.663866591998,0.5079617834394905,Flathead,23
Flathead,PREC 24,2014,absent,1953-04-23,0,222,1953.3074347448064,0.49223946784922396,Flathead,24
Flathead,PREC 24,2014,polls,1958-12-13,0,229,1958.9496516413656,0.5077605321507761,Flathead,24
Flathead,PREC 24,2016,absent,1957-06-08,0,322,1957.4343787331914,0.46264367816091956,Flathead,24
Flathead,PREC 24,2016,polls,1964-03-08,0,374,1964.184373021189,0.5373563218390804,Flathead,24
Flathead,PREC 24,2017,absent,1955-10-15,0,285,1955.7874323042377,0.5470249520153551,Flathead,24
Flathead,PREC 24,2017,polls,1961-09-02,0,236,1961.670112182276,0.45297504798464494,Flathead,24
Flathead,PREC 25,2014,absent,1953-09-28,0,447,1953.7400144242474,0.6269284712482468,Flathead,25
Flathead,PREC 25,2014,polls,1959-05-15,0,266,1959.3677211509266,0.37307152875175315,Flathead,25
Flathead,PREC 25,2016,absent,1959-07-19,0,638,1959.54418217436,0.5636042402826855,Flathead,25
Flathead,PREC 25,2016,polls,1967-11-09,0,494,1967.8550657167323,0.4363957597173145,Flathead,25
Flathead,PREC 25,2017,absent,1956-10-04,0,531,1956.7591039339204,0.6764331210191082,Flathead,25
Flathead,PREC 25,2017,polls,1962-02-23,0,254,1962.1453216705202,0.3235668789808917,Flathead,25
Flathead,PREC 26,2014,absent,1953-03-13,0,207,1953.1968177444473,0.5012106537530266,Flathead,26
Flathead,PREC 26,2014,polls,1958-08-11,0,206,1958.6084806921713,0.49878934624697335,Flathead,26
Flathead,PREC 26,2016,absent,1956-08-11,0,304,1956.6101624698297,0.4911147011308562,Flathead,26
Flathead,PREC 26,2016,polls,1962-11-30,0,315,1962.9126169290441,0.5088852988691438,Flathead,26
Flathead,PREC 26,2017,absent,1955-04-09,0,238,1955.269419472101,0.5458715596330275,Flathead,26
Flathead,PREC 26,2017,polls,1959-10-18,0,198,1959.7960024613003,0.4541284403669725,Flathead,26
Flathead,PREC 29,2014,absent,1956-12-13,0.1606425702811245,498,1956.9495504262086,0.5050709939148073,Flathead,29
Flathead,PREC 29,2014,polls,1960-11-06,0.08401639344262295,488,1960.847841698365,0.4949290060851927,Flathead,29
Flathead,PREC 29,2016,absent,1960-12-02,0.16358463726884778,703,1960.9210258567223,0.48887343532684285,Flathead,29
Flathead,PREC 29,2016,polls,1965-07-27,0.10068027210884353,735,1965.5674680002048,0.5111265646731572,Flathead,29
Flathead,PREC 29,2017,absent,1958-12-23,0.15650741350906094,607,1958.9773766473056,0.5625579240037072,Flathead,29
Flathead,PREC 29,2017,polls,1962-12-30,0.09110169491525423,472,1962.994564902145,0.43744207599629287,Flathead,29
Flathead,PREC 31,2014,absent,1956-07-29,0.7815845824411135,934,1956.5750248795596,0.6289562289562289,Flathead,31
Flathead,PREC 31,2014,polls,1967-04-04,0.7731397459165155,551,1967.2560225885113,0.37104377104377106,Flathead,31
Flathead,PREC 31,2016,absent,1961-11-19,0.804499612102405,1289,1961.8846130767952,0.5959315765141008,Flathead,31
Flathead,PREC 31,2016,polls,1971-03-18,0.8077803203661327,874,1971.2076208734495,0.4040684234858992,Flathead,31
Flathead,PREC 31,2017,absent,1960-03-02,0.7989371124889283,1129,1960.1663577793822,0.7069505322479649,Flathead,31
Flathead,PREC 31,2017,polls,1965-11-04,0.7756410256410257,468,1965.8415966116172,0.29304946775203505,Flathead,31
Flathead,PREC 32,2014,absent,1957-11-04,0.9799196787148594,249,1957.8429969020503,0.5377969762419006,Flathead,32
Flathead,PREC 32,2014,polls,1966-12-07,0.9766355140186916,214,1966.9319055569415,0.46220302375809935,Flathead,32
Flathead,PREC 32,2016,absent,1963-10-01,0.9853300733496333,409,1963.7470768087637,0.5,Flathead,32
Flathead,PREC 32,2016,polls,1972-09-25,0.980440097799511,409,1972.7331315088804,0.5,Flathead,32
Flathead,PREC 32,2017,absent,1960-02-16,0.984472049689441,322,1960.1272930563173,0.5760286225402504,Flathead,32
Flathead,PREC 32,2017,polls,1969-09-03,0.9831223628691983,237,1969.6720470633084,0.42397137745974955,Flathead,32
Flathead,PREC 33,2014,absent,1953-12-07,0,130,1953.9322066024324,0.5726872246696035,Flathead,33
Flathead,PREC 33,2014,polls,1960-10-27,0,97,1960.8226959362673,0.42731277533039647,Flathead,33
Flathead,PREC 33,2016,absent,1958-03-31,0,217,1958.2450313370364,0.566579634464752,Flathead,33
Flathead,PREC 33,2016,polls,1965-07-28,0,166,1965.5713779141206,0.43342036553524804,Flathead,33
Flathead,PREC 33,2017,absent,1955-05-23,0,177,1955.390194008438,0.6730038022813688,Flathead,33
Flathead,PREC 33,2017,polls,1961-01-20,0,86,1961.052799134075,0.3269961977186312,Flathead,33
Flathead,PREC 34,2014,absent,1955-06-22,0,668,1955.4705496604327,0.6248830682881198,Flathead,34
Flathead,PREC 34,2014,polls,1959-09-28,0.0024937655860349127,401,1959.7403650353924,0.37511693171188026,Flathead,34
Flathead,PREC 34,2016,absent,1959-02-05,0.001152073732718894,868,1959.096285291622,0.5888738127544098,Flathead,34
Flathead,PREC 34,2016,polls,1963-03-14,0.0049504950495049506,606,1963.1970823365705,0.41112618724559025,Flathead,34
Flathead,PREC 34,2017,absent,1957-12-31,0.0025575447570332483,782,1957.9983894995369,0.677056277056277,Flathead,34
Flathead,PREC 34,2017,polls,1960-10-14,0,373,1960.7857007852053,0.3229437229437229,Flathead,34
Flathead,PREC 35,2014,absent,1954-09-26,0.9713024282560706,453,1954.7360708819294,0.5444711538461539,Flathead,35
Flathead,PREC 35,2014,polls,1961-01-11,0.9577836411609498,379,1961.0300567616425,0.45552884615384615,Flathead,35
Flathead,PREC 35,2016,absent,1960-06-26,0.9761549925484352,671,1960.4837162142173,0.5161538461538462,Flathead,35
Flathead,PREC 35,2016,polls,1966-09-13,0.9682034976152624,629,1966.6990137861017,0.48384615384615387,Flathead,35
Flathead,PREC 35,2017,absent,1958-08-12,0.9701230228471002,569,1958.61064177099,0.6085561497326203,Flathead,35
Flathead,PREC 35,2017,polls,1962-07-31,0.953551912568306,366,1962.5788534688793,0.39144385026737966,Flathead,35
Flathead,PREC 36,2014,absent,1957-07-19,0,521,1957.5467622024196,0.5087890625,Flathead,36
Flathead,PREC 36,2014,polls,1960-08-02,0,503,1960.5855489921526,0.4912109375,Flathead,36
Flathead,PREC 36,2016,absent,1962-02-05,0,808,1962.0971191575009,0.5072190834902699,Flathead,36
Flathead,PREC 36,2016,polls,1965-02-02,0,785,1965.0908731041038,0.49278091650973005,Flathead,36
Flathead,PREC 36,2017,absent,1960-06-14,0,689,1960.4505830847313,0.5819256756756757,Flathead,36
Flathead,PREC 36,2017,polls,1962-02-21,0,495,1962.1421635934983,0.41807432432432434,Flathead,36
Flathead,PREC 37,2014,absent,1957-07-28,0.6144,625,1957.5713927446955,0.5863039399624765,Flathead,37
Flathead,PREC 37,2014,polls,1966-03-24,0.6530612244897959,441,1966.2269001600184,0.41369606003752346,Flathead,37
Flathead,PREC 37,2016,absent,1963-04-17,0.6544885177453027,958,1963.2912481655972,0.530454042081949,Flathead,37
Flathead,PREC 37,2016,polls,1972-09-23,0.6957547169811321,848,1972.7289398576834,0.4695459579180509,Flathead,37
Flathead,PREC 37,2017,absent,1960-10-25,0.6403061224489796,784,1960.8167979717555,0.6661002548853017,Flathead,37
Flathead,PREC 37,2017,polls,1967-05-05,0.6844783715012722,393,1967.3405088710197,0.3338997451146984,Flathead,37
Flathead,PREC 38,2014,absent,1949-08-24,0,646,1949.6467663905505,0.5535561268209083,Flathead,38
Flathead,PREC 38,2014,polls,1953-06-30,0,521,1953.4957467409197,0.4464438731790917,Flathead,38
Flathead,PREC 38,2016,absent,1954-06-27,0,943,1954.4846779795357,0.5400916380297823,Flathead,38
Flathead,PREC 38,2016,polls,1959-05-12,0,803,1959.3603538407904,0.4599083619702176,Flathead,38
Flathead,PREC 38,2017,absent,1952-03-15,0,809,1952.203313340931,0.6059925093632959,Flathead,38
Flathead,PREC 38,2017,polls,1956-04-09,0,526,1956.2714584260482,0.3940074906367041,Flathead,38
Flathead,PREC 39,2014,absent,1955-01-31,0,259,1955.0832692475403,0.5730088495575221,Flathead,39
Flathead,PREC 39,2014,polls,1958-06-15,0,193,1958.4538874289383,0.4269911504424779,Flathead,39
Flathead,PREC 39,2016,absent,1958-05-09,0,364,1958.3524606810029,0.5229885057471264,Flathead,39
Flathead,PREC 39,2016,polls,1963-06-18,0,332,1963.4617071984035,0.47701149425287354,Flathead,39
Flathead,PREC 39,2017,absent,1957-07-23,0,330,1957.5574554580714,0.6010928961748634,Flathead,39
Flathead,PREC 39,2017,polls,1961-04-05,0,219,1961.260642769855,0.3989071038251366,Flathead,39
Flathead,PREC 41,2014,absent,1947-08-28,0.7503429355281207,729,1947.6538797016906,0.680672268907563,Flathead,41
Flathead,PREC 41,2014,polls,1959-05-18,0.6812865497076024,342,1959.3754498040676,0.31932773109243695,Flathead,41
Flathead,PREC 41,2016,absent,1953-02-12,0.7489669421487604,968,1953.1162398674066,0.6355876559422193,Flathead,41
Flathead,PREC 41,2016,polls,1966-04-23,0.6846846846846847,555,1966.3089726276585,0.36441234405778067,Flathead,41
Flathead,PREC 41,2017,absent,1951-07-03,0.7490952955367913,829,1951.5026012059423,0.7140396210163652,Flathead,41
Flathead,PREC 41,2017,polls,1960-10-10,0.6566265060240963,332,1960.77496845699,0.2859603789836348,Flathead,41
Flathead,PREC 42,2014,absent,1952-10-19,0,550,1952.8002986746312,0.5238095238095238,Flathead,42
Flathead,PREC 42,2014,polls,1958-04-15,0,500,1958.2861656399725,0.47619047619047616,Flathead,42
Flathead,PREC 42,2016,absent,1956-07-27,0,766,1956.568414995273,0.5069490403706155,Flathead,42
Flathead,PREC 42,2016,polls,1962-08-28,0,745,1962.6548902333145,0.4930509596293845,Flathead,42
Flathead,PREC 42,2017,absent,1954-11-16,0,670,1954.8758752439037,0.5882352941176471,Flathead,42
Flathead,PREC 42,2017,polls,1958-07-21,0,469,1958.5519250330922,0.4117647058823529,Flathead,42
Flathead,PREC 43,2014,absent,1956-01-11,0,583,1956.026699915352,0.5314494074749316,Flathead,43
Flathead,PREC 43,2014,polls,1960-07-26,0,514,1960.5667777254,0.46855059252506837,Flathead,43
Flathead,PREC 43,2016,absent,1959-08-28,0,853,1959.6550163572942,0.5068330362448009,Flathead,43
Flathead,PREC 43,2016,polls,1965-09-12,0,830,1965.6972101960203,0.49316696375519903,Flathead,43
Flathead,PREC 43,2017,absent,1958-05-28,0,764,1958.4028260067157,0.5978090766823161,Flathead,43
Flathead,PREC 43,2017,polls,1961-07-30,0,514,1961.5782537945067,0.40219092331768386,Flathead,43
Flathead,PREC 44,2014,absent,1956-08-07,0,520,1956.5985731585322,0.579064587973274,Flathead,44
Flathead,PREC 44,2014,polls,1961-02-22,0,378,1961.1452835450098,0.4209354120267261,Flathead,44
Flathead,PREC 44,2016,absent,1961-06-24,0,730,1961.4790470028972,0.5423476968796433,Flathead,44
Flathead,PREC 44,2016,polls,1966-02-05,0,616,1966.0966114651947,0.4576523031203566,Flathead,44
Flathead,PREC 44,2017,absent,1960-07-02,0,641,1960.5003027225812,0.6217264791464597,Flathead,44
Flathead,PREC 44,2017,polls,1963-06-22,0,390,1963.4721353481107,0.37827352085354027,Flathead,44
Flathead,PREC 45,2014,absent,1955-05-10,0.4714003944773176,507,1955.3530058982594,0.6007109004739336,Flathead,45
Flathead,PREC 45,2014,polls,1959-03-26,0.4124629080118694,337,1959.2293762452855,0.39928909952606634,Flathead,45
Flathead,PREC 45,2016,absent,1959-05-05,0.469760900140647,711,1959.3405418518614,0.5647339158061954,Flathead,45
Flathead,PREC 45,2016,polls,1964-07-19,0.4489051094890511,548,1964.5480997417028,0.4352660841938046,Flathead,45
Flathead,PREC 45,2017,absent,1958-03-27,0.4702194357366771,638,1958.233747229428,0.6557040082219938,Flathead,45
Flathead,PREC 45,2017,polls,1961-10-24,0.42388059701492536,335,1961.8130906044726,0.3442959917780062,Flathead,45
Flathead,PREC 47,2014,absent,1960-02-11,1,397,1960.1131380631948,0.5795620437956205,Flathead,47
Flathead,PREC 47,2014,polls,1964-04-25,0.9861111111111112,288,1964.3144155449083,0.42043795620437957,Flathead,47
Flathead,PREC 47,2016,absent,1964-12-18,1,618,1964.9646228034617,0.5322997416020672,Flathead,47
Flathead,PREC 47,2016,polls,1971-02-26,0.990791896869245,543,1971.1547074772823,0.46770025839793283,Flathead,47
Flathead,PREC 47,2017,absent,1964-01-17,1,535,1964.043322010913,0.598434004474273,Flathead,47
Flathead,PREC 47,2017,polls,1969-05-10,0.9916434540389972,359,1969.353897719538,0.4015659955257271,Flathead,47
Flathead,PREC 48,2014,absent,1954-06-19,0.23384615384615384,325,1954.463219080714,0.5877034358047016,Flathead,48
Flathead,PREC 48,2014,polls,1959-06-08,0.2236842105263158,228,1959.4328566110692,0.41229656419529837,Flathead,48
Flathead,PREC 48,2016,absent,1957-12-07,0.2888402625820569,457,1957.934285590188,0.5446960667461264,Flathead,48
Flathead,PREC 48,2016,polls,1964-08-21,0.24345549738219896,382,1964.6392594902006,0.45530393325387364,Flathead,48
Flathead,PREC 48,2017,absent,1957-02-03,0.2658536585365854,410,1957.0928431912655,0.6202723146747352,Flathead,48
Flathead,PREC 48,2017,polls,1961-08-24,0.22310756972111553,251,1961.6448974805774,0.37972768532526474,Flathead,48
Flathead,PREC 49,2014,absent,1954-11-27,0.3092269326683292,401,1954.9053751657816,0.572039942938659,Flathead,49
Flathead,PREC 49,2014,polls,1958-07-28,0.33,300,1958.5706593657312,0.42796005706134094,Flathead,49
Flathead,PREC 49,2016,absent,1959-07-15,0.29743589743589743,585,1959.5340996975494,0.5712890625,Flathead,49
Flathead,PREC 49,2016,polls,1963-08-26,0.2984054669703872,439,1963.649271335669,0.4287109375,Flathead,49
Flathead,PREC 49,2017,absent,1958-11-04,0.29922779922779924,518,1958.8430413399612,0.6211031175059952,Flathead,49
Flathead,PREC 49,2017,polls,1961-11-09,0.3037974683544304,316,1961.8570079449657,0.37889688249400477,Flathead,49
Flathead,PREC 50,2014,absent,1957-08-09,0,346,1957.605662445154,0.5414710485133021,Flathead,50
Flathead,PREC 50,2014,polls,1962-04-17,0,293,1962.2908008680763,0.458528951486698,Flathead,50
Flathead,PREC 50,2016,absent,1963-02-04,0,586,1963.0936872916536,0.5307971014492754,Flathead,50
Flathead,PREC 50,2016,polls,1967-07-11,0,518,1967.5238623780717,0.4692028985507246,Flathead,50
Flathead,PREC 50,2017,absent,1961-03-17,0,465,1961.2065472904844,0.6413793103448275,Flathead,50
Flathead,PREC 50,2017,polls,1963-01-14,0,260,1963.0374769651978,0.3586206896551724,Flathead,50
Flathead,PREC 89,2014,absent,1955-12-12,0,158,1955.9456588603264,0.49842271293375395,Flathead,89
Flathead,PREC 89,2014,polls,1960-01-07,0,159,1960.0157986043848,0.501577287066246,Flathead,89
Flathead,PREC 89,2016,absent,1959-10-06,0,255,1959.7605454228235,0.5,Flathead,89
Flathead,PREC 89,2016,polls,1964-10-10,0,255,1964.7739904175223,0.5,Flathead,89
Flathead,PREC 89,2017,absent,1957-11-09,0,213,1957.8569762173313,0.5772357723577236,Flathead,89
Flathead,PREC 89,2017,polls,1962-05-24,0,156,1962.393969708138,0.42276422764227645,Flathead,89
Lake,ARL 1,2014,absent,1956-04-30,0,169,1956.328080385891,0.31066176470588236,Lake,1
Lake,ARL 1,2014,polls,1960-05-31,0,375,1960.4143901437371,0.6893382352941176,Lake,1
Lake,ARL 1,2016,absent,1961-06-30,0,255,1961.4952476815504,0.3390957446808511,Lake,1
Lake,ARL 1,2016,polls,1963-11-15,0,497,1963.8720178703984,0.660904255319149,Lake,1
Lake,ARL 1,2017,absent,1959-10-19,0,219,1959.7981428870573,0.3855633802816901,Lake,1
Lake,ARL 1,2017,polls,1961-10-23,0,349,1961.810366569979,0.6144366197183099,Lake,1
Lake,BEA 1,2014,absent,1951-08-17,0,161,1951.624480807411,0.4304812834224599,Lake,2
Lake,BEA 1,2014,polls,1953-05-15,0,213,1953.3687004527737,0.56951871657754,Lake,2
Lake,BEA 1,2016,absent,1956-04-10,0,243,1956.2746469947017,0.45251396648044695,Lake,2
Lake,BEA 1,2016,polls,1956-11-30,0,294,1956.9153734046665,0.547486033519553,Lake,2
Lake,BEA 1,2017,absent,1954-07-10,0,208,1954.5212051808562,0.49760765550239233,Lake,2
Lake,BEA 1,2017,polls,1955-04-03,0,210,1955.2527622958835,0.5023923444976076,Lake,2
Lake,BEA 2,2014,absent,1948-10-17,0,33,1948.79269076805,0.3473684210526316,Lake,3
Lake,BEA 2,2014,polls,1953-07-12,0,62,1953.5269700381975,0.6526315789473685,Lake,3
Lake,BEA 2,2016,absent,1955-08-14,0,55,1955.6174724659325,0.38461538461538464,Lake,3
Lake,BEA 2,2016,polls,1960-04-05,0,88,1960.2600024889553,0.6153846153846154,Lake,3
Lake,BEA 2,2017,absent,1952-09-12,0,49,1952.6983475114891,0.4260869565217391,Lake,3
Lake,BEA 2,2017,polls,1956-11-27,0,66,1956.9049426503225,0.5739130434782609,Lake,3
Lake,CHA 1,2014,absent,1953-10-13,0,157,1953.7820008108922,0.35201793721973096,Lake,4
Lake,CHA 1,2014,polls,1958-08-25,0,289,1958.6470043507197,0.647982062780269,Lake,4
Lake,CHA 1,2016,absent,1959-11-19,0,227,1959.8832192059629,0.3667205169628433,Lake,4
Lake,CHA 1,2016,polls,1962-02-21,0,392,1962.1416767939209,0.6332794830371568,Lake,4
Lake,CHA 1,2017,absent,1957-03-18,0,195,1957.210965443409,0.4304635761589404,Lake,4
Lake,CHA 1,2017,polls,1959-10-30,0,258,1959.8262207577905,0.5695364238410596,Lake,4
Lake,DAY 1,2014,absent,1947-11-29,0,203,1947.9108040582232,0.5139240506329114,Lake,5
Lake,DAY 1,2014,polls,1951-01-04,0,192,1951.008013917408,0.4860759493670886,Lake,5
Lake,DAY 1,2016,absent,1951-04-21,0,274,1951.3013784179418,0.5209125475285171,Lake,5
Lake,DAY 1,2016,polls,1955-11-08,0,252,1955.8521234640332,0.4790874524714829,Lake,5
Lake,DAY 1,2017,absent,1950-09-09,0,243,1950.6889131126716,0.6014851485148515,Lake,5
Lake,DAY 1,2017,polls,1953-04-02,0,161,1953.2511212859397,0.39851485148514854,Lake,5
Lake,FER 1,2014,absent,1951-02-03,0,235,1951.092390813637,0.48254620123203285,Lake,6
Lake,FER 1,2014,polls,1954-12-11,0,252,1954.943667633606,0.5174537987679672,Lake,6
Lake,FER 1,2016,absent,1954-03-20,0,335,1954.2152114172463,0.4792560801144492,Lake,6
Lake,FER 1,2016,polls,1960-07-11,0,364,1960.525960692285,0.5207439198855508,Lake,6
Lake,FER 1,2017,absent,1952-03-05,0,306,1952.1742561500987,0.5444839857651246,Lake,6
Lake,FER 1,2017,polls,1957-03-19,0,256,1957.2127823408625,0.4555160142348754,Lake,6
Lake,POL 1,2014,absent,1951-05-24,0,355,1951.3930493295159,0.5670926517571885,Lake,7
Lake,POL 1,2014,polls,1958-01-03,0,271,1958.007526563972,0.4329073482428115,Lake,7
Lake,POL 1,2016,absent,1953-10-09,0,437,1953.7720128371998,0.548306148055207,Lake,7
Lake,POL 1,2016,polls,1961-02-01,0,360,1961.0880066925242,0.451693851944793,Lake,7
Lake,POL 1,2017,absent,1953-01-26,0,402,1953.070104644471,0.6463022508038585,Lake,7
Lake,POL 1,2017,polls,1958-06-21,0,220,1958.4682844875863,0.3536977491961415,Lake,7
Lake,POL 2,2014,absent,1952-04-11,0,396,1952.2763086027974,0.5577464788732395,Lake,8
Lake,POL 2,2014,polls,1958-05-31,0,314,1958.4116280185024,0.4422535211267606,Lake,8
Lake,POL 2,2016,absent,1955-09-16,0,520,1955.7059021744853,0.556745182012848,Lake,8
Lake,POL 2,2016,polls,1961-03-26,0,414,1961.2313516980958,0.44325481798715205,Lake,8
Lake,POL 2,2017,absent,1954-07-08,0,458,1954.5164495216234,0.6131191432396251,Lake,8
Lake,POL 2,2017,polls,1958-09-20,0,289,1958.719315821509,0.3868808567603748,Lake,8
Lake,POL 3,2014,absent,1948-04-18,0,222,1948.2955892237205,0.6082191780821918,Lake,9
Lake,POL 3,2014,polls,1954-02-14,0,143,1954.1226672027494,0.3917808219178082,Lake,9
Lake,POL 3,2016,absent,1951-05-20,0,297,1951.3799966353013,0.592814371257485,Lake,9
Lake,POL 3,2016,polls,1957-10-01,0,204,1957.7495805988378,0.40718562874251496,Lake,9
Lake,POL 3,2017,absent,1950-08-05,0,272,1950.5919092482989,0.6783042394014963,Lake,9
Lake,POL 3,2017,polls,1954-03-25,0,129,1954.2277297592707,0.32169576059850374,Lake,9
Lake,POL 4,2014,absent,1951-03-15,0.8162162162162162,370,1951.2002219879016,0.4811443433029909,Lake,10
Lake,POL 4,2014,polls,1962-01-22,0.8395989974937343,399,1962.0582222153605,0.5188556566970091,Lake,10
Lake,POL 4,2016,absent,1955-10-21,0.8382066276803118,513,1955.8021889463944,0.47544022242817424,Lake,10
Lake,POL 4,2016,polls,1966-01-30,0.8621908127208481,566,1966.079900740816,0.5245597775718258,Lake,10
Lake,POL 4,2017,absent,1954-04-01,0.8363636363636363,440,1954.2479372783275,0.5670103092783505,Lake,10
Lake,POL 4,2017,polls,1963-11-18,0.8482142857142857,336,1963.8805286659497,0.4329896907216495,Lake,10
Lake,POL 5,2014,absent,1949-09-14,0.8593481989708405,583,1949.702748299703,0.5448598130841121,Lake,11
Lake,POL 5,2014,polls,1958-07-28,0.8151950718685832,487,1958.5709402718455,0.45514018691588787,Lake,11
Lake,POL 5,2016,absent,1952-11-16,0.8621621621621621,740,1952.8769373069167,0.5163991625959525,Lake,11
Lake,POL 5,2016,polls,1962-12-20,0.823953823953824,693,1962.9669275131287,0.48360083740404747,Lake,11
Lake,POL 5,2017,absent,1952-01-18,0.8652694610778443,668,1952.0463877173784,0.6067211625794732,Lake,11
Lake,POL 5,2017,polls,1959-05-25,0.815242494226328,433,1959.394855938781,0.3932788374205268,Lake,11
Lake,POL 6,2014,absent,1954-04-07,0,77,1954.2634736926318,0.44508670520231214,Lake,12
Lake,POL 6,2014,polls,1962-10-14,0,96,1962.7841946155602,0.5549132947976878,Lake,12
Lake,POL 6,2016,absent,1960-09-05,0,106,1960.6789095088657,0.4344262295081967,Lake,12
Lake,POL 6,2016,polls,1965-04-15,0,138,1965.2870279439335,0.5655737704918032,Lake,12
Lake,POL 6,2017,absent,1958-05-26,0,90,1958.3975663548558,0.5389221556886228,Lake,12
Lake,POL 6,2017,polls,1962-10-02,0,77,1962.7522689493942,0.46107784431137727,Lake,12
Lake,POL 7,2014,absent,1951-06-11,0,151,1951.441795740013,0.44281524926686217,Lake,13
Lake,POL 7,2014,polls,1958-02-23,0,190,1958.1453510573147,0.5571847507331378,Lake,13
Lake,POL 7,2016,absent,1956-01-22,0,207,1956.058453775622,0.4268041237113402,Lake,13
Lake,POL 7,2016,polls,1961-11-28,0,278,1961.9079865471074,0.5731958762886598,Lake,13
Lake,POL 7,2017,absent,1954-09-16,0,174,1954.7087886583745,0.5058139534883721,Lake,13
Lake,POL 7,2017,polls,1957-04-11,0,170,1957.2746144864516,0.4941860465116279,Lake,13
Lake,POL 8,2014,absent,1950-01-17,0,12,1950.0440337668265,0.46153846153846156,Lake,14
Lake,POL 8,2014,polls,1954-07-16,0,14,1954.536618754278,0.5384615384615384,Lake,14
Lake,POL 8,2016,absent,1953-06-03,0,14,1953.421922362374,0.4827586206896552,Lake,14
Lake,POL 8,2016,polls,1962-03-17,0,15,1962.2078941364362,0.5172413793103449,Lake,14
Lake,POL 8,2017,absent,1954-10-07,0,14,1954.7664026596265,0.6086956521739131,Lake,14
Lake,POL 8,2017,polls,1953-11-03,0,9,1953.8387710092022,0.391304347826087,Lake,14
Lake,RON 1,2014,absent,1954-02-07,0.3403361344537815,476,1954.1022265168901,0.41535776614310643,Lake,15
Lake,RON 1,2014,polls,1959-02-21,0.35522388059701493,670,1959.1401963488513,0.5846422338568935,Lake,15
Lake,RON 1,2016,absent,1958-09-02,0.36633663366336633,707,1958.6700376696515,0.41345029239766085,Lake,15
Lake,RON 1,2016,polls,1964-09-29,0.36191425722831505,1003,1964.74424092541,0.5865497076023392,Lake,15
Lake,RON 1,2017,absent,1956-03-31,0.3627450980392157,612,1956.2458071067806,0.4907778668805132,Lake,15
Lake,RON 1,2017,polls,1962-02-13,0.33700787401574805,635,1962.1180552636258,0.5092221331194867,Lake,15
Lake,RON 2,2014,absent,1953-05-02,0,327,1953.3327849259126,0.3811188811188811,Lake,16
Lake,RON 2,2014,polls,1960-03-06,0,531,1960.1791900138053,0.6188811188811189,Lake,16
Lake,RON 2,2016,absent,1958-10-25,0,509,1958.8142766278177,0.3739897134459956,Lake,16
Lake,RON 2,2016,polls,1966-05-14,0,852,1966.3659015466287,0.6260102865540044,Lake,16
Lake,RON 2,2017,absent,1956-05-24,0,433,1956.3932862587396,0.46112886048988283,Lake,16
Lake,RON 2,2017,polls,1963-03-05,0,506,1963.1732177592369,0.5388711395101171,Lake,16
Lake,STI 1,2014,absent,1952-06-18,0,194,1952.4619488134804,0.4439359267734554,Lake,17
Lake,STI 1,2014,polls,1958-05-19,0,243,1958.3789275624397,0.5560640732265446,Lake,17
Lake,STI 1,2016,absent,1956-01-31,0,284,1956.083051353983,0.44305772230889234,Lake,17
Lake,STI 1,2016,polls,1962-11-21,0,357,1962.889065277035,0.5569422776911076,Lake,17
Lake,STI 1,2017,absent,1955-12-16,0,261,1955.9556541601432,0.5272727272727272,Lake,17
Lake,STI 1,2017,polls,1959-12-14,0,234,1959.9515143005904,0.4727272727272727,Lake,17
Lake,STI 2,2014,absent,1953-01-27,0.4519774011299435,177,1953.0740650510254,0.3726315789473684,Lake,18
Lake,STI 2,2014,polls,1959-03-13,0.46308724832214765,298,1959.1941531267082,0.6273684210526316,Lake,18
Lake,STI 2,2016,absent,1957-07-03,0.4588235294117647,255,1957.503890700702,0.3905053598774885,Lake,18
Lake,STI 2,2016,polls,1963-10-24,0.47738693467336685,398,1963.8107924977385,0.6094946401225115,Lake,18
Lake,STI 2,2017,absent,1955-09-13,0.46846846846846846,222,1955.6978004698744,0.46153846153846156,Lake,18
Lake,STI 2,2017,polls,1961-05-30,0.42857142857142855,259,1961.4101781452912,0.5384615384615384,Lake,18
Lake,SWA 1,2014,absent,1951-08-20,0,60,1951.633401779603,0.7407407407407407,Lake,19
Lake,SWA 1,2014,polls,1956-01-01,0,21,1956.0008474300055,0.25925925925925924,Lake,19
Lake,SWA 1,2016,absent,1953-10-15,0,67,1953.7877144053857,0.7613636363636364,Lake,19
Lake,SWA 1,2016,polls,1955-04-21,0,21,1955.3011309931228,0.23863636363636365,Lake,19
Lake,SWA 1,2017,absent,1950-08-17,0,60,1950.6260095824778,0.759493670886076,Lake,19
Lake,SWA 1,2017,polls,1952-08-20,0,19,1952.6345329442704,0.24050632911392406,Lake,19
Lake,SWA 2,2014,absent,1955-08-27,0,70,1955.6523320621884,0.693069306930693,Lake,20
Lake,SWA 2,2014,polls,1951-09-19,0,31,1951.7140712282794,0.3069306930693069,Lake,20
Lake,SWA 2,2016,absent,1955-07-17,0,77,1955.5392054899241,0.6363636363636364,Lake,20
Lake,SWA 2,2016,polls,1953-12-08,0,44,1953.9353493870947,0.36363636363636365,Lake,20
Lake,SWA 2,2017,absent,1955-05-14,0,74,1955.3636346819098,0.6788990825688074,Lake,20
Lake,SWA 2,2017,polls,1953-04-28,0,35,1953.3210912290995,0.3211009174311927,Lake,20
Park,59A NPC,2014,absent,1956-03-12,0.1471861471861472,231,1956.1931607065078,0.35648148148148145,Park,1
Park,59A NPC,2014,polls,1957-07-20,0.2182254196642686,417,1957.5497909680469,0.6435185185185185,Park,1
Park,59A NPC,2016,absent,1960-10-22,0.1467065868263473,334,1960.808043051474,0.38346727898966704,Park,1
Park,59A NPC,2016,polls,1961-11-04,0.21787709497206703,537,1961.8432746122971,0.616532721010333,Park,1
Park,59A NPC,2017,absent,1958-01-19,0.14336917562724014,279,1958.0499682301365,0.42272727272727273,Park,1
Park,59A NPC,2017,polls,1958-10-13,0.2152230971128609,381,1958.7828959778385,0.5772727272727273,Park,1
Park,59B NCP,2014,absent,1954-06-21,0,498,1954.4692885161453,0.5372168284789643,Park,2
Park,59B NCP,2014,polls,1958-08-29,0,429,1958.6596944009675,0.4627831715210356,Park,2
Park,59B NCP,2016,absent,1958-02-27,0,668,1958.158688782599,0.5284810126582279,Park,2
Park,59B NCP,2016,polls,1962-10-29,0,596,1962.8265369403139,0.47151898734177217,Park,2
Park,59B NCP,2017,absent,1956-06-12,0,585,1956.4461456560018,0.5993852459016393,Park,2
Park,59B NCP,2017,polls,1960-06-16,0,391,1960.456377319252,0.40061475409836067,Park,2
Park,59C SCP,2014,absent,1954-01-26,0,261,1954.0686980260725,0.365034965034965,Park,3
Park,59C SCP,2014,polls,1957-01-02,0,454,1957.0039771202514,0.634965034965035,Park,3
Park,59C SCP,2016,absent,1959-04-30,0,403,1959.326016545994,0.40584088620342396,Park,3
Park,59C SCP,2016,polls,1960-03-13,0,590,1960.1963781482384,0.594159113796576,Park,3
Park,59C SCP,2017,absent,1957-03-06,0,334,1957.17784963953,0.4287548138639281,Park,3
Park,59C SCP,2017,polls,1958-01-04,0,445,1958.0097701282023,0.5712451861360719,Park,3
Park,59D SPC,2014,absent,1957-04-30,0,262,1957.3271992935927,0.4274061990212072,Park,4
Park,59D SPC,2014,polls,1961-01-29,0,351,1961.0795829262634,0.5725938009787929,Park,4
Park,59D SPC,2016,absent,1962-08-02,0,394,1962.5845033476132,0.44620611551528877,Park,4
Park,59D SPC,2016,polls,1964-04-11,0,489,1964.277180797532,0.5537938844847112,Park,4
Park,59D SPC,2017,absent,1961-12-04,0,366,1961.9245968963544,0.5191489361702127,Park,4
Park,59D SPC,2017,polls,1963-08-03,0,339,1963.5852317582614,0.4808510638297872,Park,4
Park,60A NOL,2014,absent,1957-02-16,0,289,1957.1292781879029,0.5008665511265165,Park,5
Park,60A NOL,2014,polls,1959-03-13,0,288,1959.194900752909,0.49913344887348354,Park,5
Park,60A NOL,2016,absent,1959-07-12,0,376,1959.5273566633173,0.49933598937583,Park,5
Park,60A NOL,2016,polls,1962-08-29,0,377,1962.657737787243,0.50066401062417,Park,5
Park,60A NOL,2017,absent,1959-01-08,0,341,1959.0197892015472,0.5508885298869144,Park,5
Park,60A NOL,2017,polls,1960-11-05,0,278,1960.8460845286809,0.4491114701130856,Park,5
Park,60B SOL,2014,absent,1954-11-12,0,231,1954.8633356148757,0.4583333333333333,Park,6
Park,60B SOL,2014,polls,1960-05-21,0,273,1960.384968898316,0.5416666666666666,Park,6
Park,60B SOL,2016,absent,1960-04-12,0,340,1960.2796392478963,0.43312101910828027,Park,6
Park,60B SOL,2016,polls,1965-12-17,0,445,1965.959848956771,0.5668789808917197,Park,6
Park,60B SOL,2017,absent,1957-06-15,0,265,1957.4530394018054,0.5289421157684631,Park,6
Park,60B SOL,2017,polls,1961-09-06,0,236,1961.6814580215548,0.47105788423153694,Park,6
Park,60CL NW,2014,absent,1960-09-13,1,313,1960.7002468876628,0.4785932721712538,Park,7
Park,60CL NW,2014,polls,1962-12-04,1,341,1962.9228082641343,0.5214067278287462,Park,7
Park,60CL NW,2016,absent,1965-04-14,1,452,1965.284257963693,0.4654994850669413,Park,7
Park,60CL NW,2016,polls,1968-02-22,1,519,1968.141083719415,0.5345005149330587,Park,7
Park,60CL NW,2017,absent,1963-09-14,1,395,1963.701335135463,0.5486111111111112,Park,7
Park,60CL NW,2017,polls,1964-05-25,1,325,1964.3971357868688,0.4513888888888889,Park,7
Park,60DL NE,2014,absent,1956-05-04,1,249,1956.3402356860709,0.48255813953488375,Park,8
Park,60DL NE,2014,polls,1961-03-28,1,267,1961.237308600389,0.5174418604651163,Park,8
Park,60DL NE,2016,absent,1963-02-02,1,383,1963.087927543458,0.49483204134366926,Park,8
Park,60DL NE,2016,polls,1966-11-20,1,391,1966.884850967438,0.5051679586563308,Park,8
Park,60DL NE,2017,absent,1961-06-27,1,334,1961.4864972314099,0.594306049822064,Park,8
Park,60DL NE,2017,polls,1964-02-21,1,228,1964.1391980979142,0.40569395017793597,Park,8
Park,60EL SE,2014,absent,1960-05-12,1,231,1960.3604777608884,0.4723926380368098,Park,9
Park,60EL SE,2014,polls,1964-03-25,1,258,1964.230892083048,0.5276073619631901,Park,9
Park,60EL SE,2016,absent,1966-08-04,1,349,1966.5898460253113,0.4722598105548038,Park,9
Park,60EL SE,2016,polls,1969-06-12,1,390,1969.4460766247214,0.5277401894451962,Park,9
Park,60EL SE,2017,absent,1965-04-08,1,313,1965.2683727938106,0.5305084745762711,Park,9
Park,60EL SE,2017,polls,1967-08-16,1,277,1967.6220332742769,0.4694915254237288,Park,9
Park,60FL SC,2014,absent,1956-04-10,1,247,1956.2739790559956,0.5061475409836066,Park,10
Park,60FL SC,2014,polls,1960-11-05,1,241,1960.8456266809808,0.49385245901639346,Park,10
Park,60FL SC,2016,absent,1960-03-16,1,352,1960.205548814635,0.5,Park,10
Park,60FL SC,2016,polls,1967-03-08,1,352,1967.1826348702632,0.5,Park,10
Park,60FL SC,2017,absent,1959-09-21,1,321,1959.7194299982302,0.5836363636363636,Park,10
Park,60FL SC,2017,polls,1963-08-29,1,229,1963.6585158816267,0.4163636363636364,Park,10
Park,60GL SW,2014,absent,1957-07-18,1,314,1957.5442524751827,0.521594684385382,Park,11
Park,60GL SW,2014,polls,1961-08-02,1,288,1961.583903718914,0.47840531561461797,Park,11
Park,60GL SW,2016,absent,1961-12-02,1,489,1961.9196225237217,0.5451505016722408,Park,11
Park,60GL SW,2016,polls,1964-11-22,1,408,1964.8919622606059,0.45484949832775917,Park,11
Park,60GL SW,2017,absent,1961-01-08,1,442,1961.0202706260202,0.6147426981919333,Park,11
Park,60GL SW,2017,polls,1964-03-11,1,277,1964.192870221425,0.3852573018080668,Park,11
Sheridan,1_PREC,2014,absent,1953-04-05,0.29411764705882354,51,1953.260136087289,0.4322033898305085,Sheridan,1
Sheridan,1_PREC,2014,polls,1952-01-28,0.5970149253731343,67,1952.0749639890894,0.5677966101694916,Sheridan,1
Sheridan,1_PREC,2016,absent,1957-11-23,0.37333333333333335,75,1957.8934063426877,0.44642857142857145,Sheridan,1
Sheridan,1_PREC,2016,polls,1959-07-14,0.6881720430107527,93,1959.5331081230268,0.5535714285714286,Sheridan,1
Sheridan,1_PREC,2017,absent,1956-11-26,0.31746031746031744,63,1956.903599404626,0.5727272727272728,Sheridan,1
Sheridan,1_PREC,2017,polls,1954-10-09,0.6170212765957447,47,1954.771025383372,0.42727272727272725,Sheridan,1
Sheridan,2_PREC,2014,absent,1953-06-05,0.25316455696202533,158,1953.4274079657596,0.6171875,Sheridan,2
Sheridan,2_PREC,2014,polls,1958-08-24,0.4387755102040816,98,1958.64381399377,0.3828125,Sheridan,2
Sheridan,2_PREC,2016,absent,1960-05-12,0.25327510917030566,229,1960.3612468578979,0.5812182741116751,Sheridan,2
Sheridan,2_PREC,2016,polls,1965-05-02,0.4484848484848485,165,1965.3333582228859,0.41878172588832485,Sheridan,2
Sheridan,2_PREC,2017,absent,1957-07-14,0.24468085106382978,188,1957.5330944995412,0.7014925373134329,Sheridan,2
Sheridan,2_PREC,2017,polls,1958-10-27,0.4,80,1958.8207392197126,0.29850746268656714,Sheridan,2
Sheridan,3_PREC,2014,absent,1950-01-02,1,177,1950.0041145102225,0.6188811188811189,Sheridan,3
Sheridan,3_PREC,2014,polls,1960-06-24,1,109,1960.4784582634743,0.3811188811188811,Sheridan,3
Sheridan,3_PREC,2016,absent,1955-06-15,1,237,1955.4518695650918,0.6045918367346939,Sheridan,3
Sheridan,3_PREC,2016,polls,1965-05-31,1,155,1965.411644697622,0.39540816326530615,Sheridan,3
Sheridan,3_PREC,2017,absent,1952-04-22,1,193,1952.3062349941306,0.7451737451737451,Sheridan,3
Sheridan,3_PREC,2017,polls,1960-06-27,1,66,1960.4878767137493,0.2548262548262548,Sheridan,3
Sheridan,4_PREC,2014,absent,1952-06-02,1,193,1952.4187989630213,0.5258855585831063,Sheridan,4
Sheridan,4_PREC,2014,polls,1959-06-26,1,174,1959.4835217572597,0.47411444141689374,Sheridan,4
Sheridan,4_PREC,2016,absent,1958-04-11,1,265,1958.2742706597962,0.5206286836935167,Sheridan,4
Sheridan,4_PREC,2016,polls,1964-07-01,1,244,1964.4991191750541,0.4793713163064833,Sheridan,4
Sheridan,4_PREC,2017,absent,1955-04-04,1,197,1955.2552837393205,0.5828402366863905,Sheridan,4
Sheridan,4_PREC,2017,polls,1961-04-28,1,141,1961.323071247227,0.4171597633136095,Sheridan,4
Sheridan,5_PREC,2014,absent,1949-07-12,0.25555555555555554,90,1949.5265647577762,0.5454545454545454,Sheridan,5
Sheridan,5_PREC,2014,polls,1960-08-19,0.09333333333333334,75,1960.63151266256,0.45454545454545453,Sheridan,5
Sheridan,5_PREC,2016,absent,1956-10-03,0.24793388429752067,121,1956.7547530560412,0.568075117370892,Sheridan,5
Sheridan,5_PREC,2016,polls,1963-12-08,0.13043478260869565,92,1963.9338451923936,0.431924882629108,Sheridan,5
Sheridan,5_PREC,2017,absent,1954-07-12,0.2608695652173913,92,1954.5260542213493,0.6715328467153284,Sheridan,5
Sheridan,5_PREC,2017,polls,1956-12-08,0.044444444444444446,45,1956.9369229599208,0.3284671532846715,Sheridan,5
Sheridan,6_PREC,2014,absent,1957-04-11,0,104,1957.2747591217817,0.6265060240963856,Sheridan,6
Sheridan,6_PREC,2014,polls,1958-09-19,0,62,1958.7161687752534,0.37349397590361444,Sheridan,6
Sheridan,6_PREC,2016,absent,1962-01-08,0,143,1962.0211944113382,0.6190476190476191,Sheridan,6
Sheridan,6_PREC,2016,polls,1961-02-21,0,88,1961.1429282558645,0.38095238095238093,Sheridan,6
Sheridan,6_PREC,2017,absent,1960-12-15,0,116,1960.956194387406,0.7631578947368421,Sheridan,6
Sheridan,6_PREC,2017,polls,1954-11-01,0,36,1954.8339797703247,0.23684210526315788,Sheridan,6
Stillwater,PREC_1,2014,absent,1956-11-20,0.38341158059467917,639,1956.888389734559,0.4190163934426229,Stillwater,1
Stillwater,PREC_1,2014,polls,1959-01-08,0.4255079006772009,886,1959.0195095044521,0.580983606557377,Stillwater,1
Stillwater,PREC_1,2016,absent,1961-07-15,0.3770672546857773,907,1961.5362708630946,0.42107706592386257,Stillwater,1
Stillwater,PREC_1,2016,polls,1963-06-04,0.4161988773055333,1247,1963.4233069702673,0.5789229340761374,Stillwater,1
Stillwater,PREC_1,2017,absent,1959-03-14,0.38786279683377306,758,1959.1980878387774,0.4938110749185668,Stillwater,1
Stillwater,PREC_1,2017,polls,1959-02-12,0.4144144144144144,777,1959.1164300117073,0.5061889250814332,Stillwater,1
Stillwater,PREC_10,2014,absent,1948-10-21,0,57,1948.8046159203623,0.5229357798165137,Stillwater,6
Stillwater,PREC_10,2014,polls,1952-06-10,0,52,1952.4412151845418,0.47706422018348627,Stillwater,6
Stillwater,PREC_10,2016,absent,1951-10-28,0,71,1951.823138695279,0.4930555555555556,Stillwater,6
Stillwater,PREC_10,2016,polls,1954-02-13,0,73,1954.1185901943686,0.5069444444444444,Stillwater,6
Stillwater,PREC_10,2017,absent,1949-12-03,0,61,1949.9211858035703,0.5495495495495496,Stillwater,6
Stillwater,PREC_10,2017,polls,1953-03-12,0,50,1953.1924982888434,0.45045045045045046,Stillwater,6
Stillwater,PREC_11,2014,absent,1951-10-28,0,52,1951.8221976517664,0.3561643835616438,Stillwater,7
Stillwater,PREC_11,2014,polls,1955-12-01,0,94,1955.9155052645376,0.6438356164383562,Stillwater,7
Stillwater,PREC_11,2016,absent,1954-10-02,0,63,1954.7508664428583,0.3247422680412371,Stillwater,7
Stillwater,PREC_11,2016,polls,1960-11-23,0,131,1960.895956445183,0.6752577319587629,Stillwater,7
Stillwater,PREC_11,2017,absent,1952-01-16,0,51,1952.0415240702714,0.3493150684931507,Stillwater,7
Stillwater,PREC_11,2017,polls,1958-09-10,0,95,1958.692186317951,0.6506849315068494,Stillwater,7
Stillwater,PREC_13,2014,absent,1953-03-24,0,286,1953.2272464017844,0.43202416918429004,Stillwater,8
Stillwater,PREC_13,2014,polls,1957-06-17,0,376,1957.4605560167183,0.56797583081571,Stillwater,8
Stillwater,PREC_13,2016,absent,1957-09-26,0,391,1957.73652212425,0.4463470319634703,Stillwater,8
Stillwater,PREC_13,2016,polls,1961-01-21,0,485,1961.0575865986439,0.5536529680365296,Stillwater,8
Stillwater,PREC_13,2017,absent,1955-03-03,0,330,1955.1677182502644,0.5038167938931297,Stillwater,8
Stillwater,PREC_13,2017,polls,1957-06-10,0,325,1957.439717790765,0.4961832061068702,Stillwater,8
Stillwater,PREC_2,2014,absent,1956-11-01,0,486,1956.8337600662492,0.5751479289940828,Stillwater,2
Stillwater,PREC_2,2014,polls,1960-04-19,0,359,1960.2987346019725,0.42485207100591715,Stillwater,2
Stillwater,PREC_2,2016,absent,1959-11-09,0,634,1959.8549370920484,0.5465517241379311,Stillwater,2
Stillwater,PREC_2,2016,polls,1964-03-04,0,526,1964.1718027394122,0.453448275862069,Stillwater,2
Stillwater,PREC_2,2017,absent,1957-11-11,0,534,1957.8609233324873,0.6464891041162227,Stillwater,2
Stillwater,PREC_2,2017,polls,1959-12-25,0,292,1959.9810131923152,0.35351089588377727,Stillwater,2
Stillwater,PREC_4,2014,absent,1956-07-28,0,65,1956.57218975412,0.46099290780141844,Stillwater,3
Stillwater,PREC_4,2014,polls,1961-12-24,0,76,1961.97834936417,0.5390070921985816,Stillwater,3
Stillwater,PREC_4,2016,absent,1959-07-08,0,85,1959.5144502154044,0.4358974358974359,Stillwater,3
Stillwater,PREC_4,2016,polls,1963-09-09,0,110,1963.6873623296622,0.5641025641025641,Stillwater,3
Stillwater,PREC_4,2017,absent,1957-03-31,0,71,1957.2449701632106,0.47651006711409394,Stillwater,3
Stillwater,PREC_4,2017,polls,1962-01-12,0,78,1962.0312395794942,0.5234899328859061,Stillwater,3
Stillwater,PREC_7,2014,absent,1955-04-01,0,19,1955.2460103029648,0.3392857142857143,Stillwater,4
Stillwater,PREC_7,2014,polls,1962-01-23,0,37,1962.0620086205302,0.6607142857142857,Stillwater,4
Stillwater,PREC_7,2016,absent,1959-05-23,0,26,1959.3891433686094,0.3561643835616438,Stillwater,4
Stillwater,PREC_7,2016,polls,1965-01-31,0,47,1965.0834607598993,0.6438356164383562,Stillwater,4
Stillwater,PREC_7,2017,absent,1959-04-13,0,24,1959.2801733972165,0.39344262295081966,Stillwater,4
Stillwater,PREC_7,2017,polls,1961-09-21,0,37,1961.722219139057,0.6065573770491803,Stillwater,4
Stillwater,PREC_9,2014,absent,1953-06-10,0,52,1953.4387932396146,0.4126984126984127,Stillwater,5
Stillwater,PREC_9,2014,polls,1960-12-17,0,74,1960.9614296020866,0.5873015873015873,Stillwater,5
Stillwater,PREC_9,2016,absent,1957-12-19,0,71,1957.965449094292,0.4176470588235294,Stillwater,5
Stillwater,PREC_9,2016,polls,1964-03-31,0,99,1964.2468905343649,0.5823529411764706,Stillwater,5
Stillwater,PREC_9,2017,absent,1956-03-22,0,63,1956.2228740914572,0.4632352941176471,Stillwater,5
Stillwater,PREC_9,2017,polls,1962-09-29,0,73,1962.7446204044893,0.5367647058823529,Stillwater,5
