rid,weight
5b858788-c4c9-4157-8e87-bfe12df05427,0.5656701518590863
5b8587e5-f852-48d2-9c2c-5199343c5697,1.0366548360488352
5b85890d-7ca4-4e68-862e-3c5cad5c238f,1
5b8587ee-4616-431c-a46a-80efb53f96f0,1.0768783894817808
5b85887a-0364-4140-879d-b2f7134a94f4,0.5656701518590863
5b858a0f-afec-40e8-9801-e04683ca702e,1.3234712253021494
5b858a26-4c95-490d-8e66-16028f30d65c,0.5849961793899939
5b85882d-2712-491e-9563-0e5ff1184fed,0.5656701518590863
5b8587df-f1dc-486f-84df-22e707df2e9e,0.5656701518590863
5b85880d-21db-40a9-8b78-4e28fe28a797,0.5656701518590863
5b858a43-e14b-4576-97c7-fcb113819c03,1.4618175355609218
5b858702-780b-4add-bd49-c3a2633a4873,0.7575281066724064
5b8589f8-af9b-4924-b89e-f02eee59b8af,0.9079655551178172
5b858ac6-af5e-412b-8af8-2b28da22a99f,0.9483077392541528
5b858833-84b9-4a07-a6ab-ddc4b2cbd7ad,1
5b858881-34f2-4621-8e91-5968f26293d9,0.5656701518590863
5b8588aa-6a25-46e4-b2f1-6a691b949f71,0.5656701518590863
5b858a1c-57f6-4a19-8611-7240f80cf3ab,0.6561105816702079
5b858b3c-3cd2-4282-9141-4f4de3a83c74,2.2626806074363452
5b8589ff-bc2d-428a-aacd-7a8ea97fb757,0.5656701518590863
5b858afd-a6e0-403a-943c-fd0542716d14,0.9168828720254083
5b858a09-e252-4674-b261-369fc9c89afd,1.2580680071295633
5b858a1d-b576-412e-8376-de5cb0db663c,0.5656701518590863
5b858a06-b328-45b7-8192-0e59dc7ccebe,1.6999903112360373
5b858afa-d510-4549-b345-f9251f4db520,0.5656701518590863
5b858a26-6939-43ef-9c5c-39944f2640a3,1
5b858b44-37b9-40b2-a4a5-05fa65fe68dd,1.224052305934072
5b858a06-1981-4626-b21f-d14cc2fbb361,0.5656701518590863
5b8589fb-a577-42c4-b3e5-e2d7c74fc625,2.2626806074363452
5b858a3a-a9b7-4b40-ab4f-5013222b3e57,0.704301690985648
5b858a3b-9585-48da-b080-7c814c72c1ef,1.0949821783632114
5b858a35-e157-4cb9-9616-8510e5f4e9ce,1
5b858a15-d7ab-4006-ba51-d1bef67d297f,0.6519431135023953
5b8589f4-2345-46c1-ba25-09eb74f5ce65,0.7575281066724064
5b858a0b-a0aa-4a27-95a2-1aea5a5608a0,1.509587510434588
5b858a12-de43-45cd-8aa3-abf7a93edc05,0.8789017016365731
5b858c8b-0643-4afb-95d7-f4b643670f17,1.0843327231377473
5b858b27-75e5-4c35-baf7-1c1b9df0d93c,1.7597147040199936
5b858b39-a82c-4845-848b-75844d9b3771,1
5b858a3c-d71f-4304-86a4-8ee6a98b13f7,0.6616384646338018
5b858c95-6c34-4498-93b6-3ff85f2221d3,2.2626806074363452
5b858b62-eccd-4306-84bf-97f75ee04fd0,2.2626806074363452
5b858b3c-516c-4cb2-ae36-6116481cad14,2.2626806074363452
5b858a28-3c13-4831-8a45-e57a2c2f884a,0.5656701518590863
5b858d2c-6ed9-4b74-b13c-a21a50fb091c,0.9913531408872479
5b858b6e-415e-4bf1-8931-d87e35eac2d6,0.5656701518590863
5b858ced-c6bf-48ac-9b6d-44687287b8b7,0.5656701518590863
5b858a00-074c-4ea7-bd69-6cba613af787,0.6343158453263656
5b8589fe-0a41-4c65-8156-91476070d867,1.4376487074558586
5b858d2f-74eb-49d5-ade9-01d860aaeb4c,1
5b858a2c-22d3-43d5-8d95-cba121d7eeda,1.6190273872488437
5b858a0b-0229-422b-a966-70ee70ba40bd,1.6414119200040431
5b858b7f-90dd-4128-8f2b-60921bc39f9a,2.2626806074363452
5b8595d0-8a2c-44fd-ab34-786a0612c263,1.0705000874733481
5b8595ff-5f96-486c-ab8d-b6fed4572f8e,1
5b8595e0-dd55-4197-9bc0-ee193f2dc047,1.6750794212735787
5b8595de-e1c5-429f-9f8d-80f08cda0193,1
5b8596f9-59b2-4e18-b132-6beb15ffce06,0.5897467282696448
5b858b62-82aa-4d39-b47b-3111414a54d7,0.5858690076303974
5b859747-4f07-4579-a52d-5f64054b18ee,1.2774316882990178
5b8597c5-5e22-4159-9cf4-4049998e91ad,1.7169038286576783
5b85975c-8a1a-4d0f-be60-48cb3838b94c,0.5656701518590863
5b859800-2167-4450-b287-ade88a647089,1.0843327231377473
5b85984d-90db-4ae2-bede-fc37d83105d4,1.0843327231377473
5b8595c6-0c75-4acf-94aa-a49fc1c12a44,0.5656701518590863
5b8597d9-189e-4d7d-8ac3-6ef62f89910d,1.101843779004338
5b85984e-d5a2-4d51-8a86-2f4d1e99ec68,0.5656701518590863
5b859738-06e8-484c-95ce-1af77482585a,0.6801164148302389
5b859812-56d9-4f4b-9b86-e00a88f835e8,1.4437561563033403
5b859729-364c-43f5-bc6e-ec842267cd4c,0.5656701518590863
5b859700-e8e8-412b-88b8-9029ed22b863,0.6519431135023953
5b85979c-b4e1-461e-89ce-d7e0f8fd0c43,0.5945817398126119
5b859783-ab20-4dbf-b00d-19d7bd3960a0,1.7597147040199936
5b8597e2-cfa1-4960-84d6-064260625b93,1.055014484618271
5b8598dd-4291-4aee-869f-80af397e52bc,0.7549559363501844
5b8595de-6d83-4bf3-83fe-8506f857e26f,1.374996517400551
5b859740-508e-496b-ba5a-d2a180ba007d,0.5656701518590863
5b8597f9-93e5-4704-bb45-7914c4809881,1.2599450745765943
5b859731-ab38-40b1-8ecf-4233f94f3aea,1.4631690096550145
5b8597f0-98b0-47e1-9547-672031b08031,0.9913531408872479
5b8598cd-b76e-4663-8d54-6406a79e7395,0.6936906436554121
5b859831-08f3-49b7-b67f-d4d454072742,1
5b859878-586c-4aea-9990-e26c72e331d7,1.224052305934072
5b85986d-0544-4057-ae04-269148be7996,2.000454114259757
5b859847-e47e-40bf-bed1-864e67bec2a8,0.5656701518590863
5b8598de-34d3-4fdb-9b3d-ee0cd4749ca2,1.6999903112360373
5b8597fe-dd00-45d3-b4e2-a157a2059fce,0.8789017016365731
5b859973-d53a-433a-afd3-a8d91db479f0,2.0720243749700424
5b859949-70c0-4dca-96ff-22d4141222a4,1.4618175355609218
5b859821-f5da-4cd8-93ae-cd41d16ced74,0.6116245653887218
5b8596fc-618b-4753-a688-59e05877a1b8,0.5656701518590863
5b859825-f017-4d4f-a205-31aff0a3fb24,2.2626806074363452
5b859756-1e0d-4c89-8281-ff1e0db20a34,0.729251951083797
5b85980f-2b15-4888-be51-c7922de7e766,0.7890868590091306
5b859958-d8f6-4075-9e16-a53050242c4f,0.9436729952426928
5b85970a-16f4-4c6c-8bd7-59a593164a0e,0.5656701518590863
5b859774-4a82-451c-9aa9-13edd38f3d2b,0.6061354466214564
5b8598b6-c7ab-43f4-9bb1-9a972754cbda,1.2599450745765943
5b85990c-43f3-483c-a8c3-d73b5338354b,0.6797388284434503
5b85990e-a672-4c51-a83e-4229ae2dd30f,1.51360319530744
5b8598fb-a6a7-4289-a8b1-c6731aa46324,2.2626806074363452
5b8597ee-a34e-4af0-83ea-7338da838a48,1.2599450745765943
5b859743-716c-42f3-9d17-b1369146ed47,0.6116245653887218
5b8597ed-9f32-4d57-bc64-58e2cedac05f,0.5656701518590863
5b85984d-27bd-4a68-ac5c-2f77aca8ca9b,0.8789017016365731
5b85972d-fa31-452c-ad06-3e15167f5d7f,0.8680424961767751
5b859757-8424-4326-8e76-0d105c02a451,0.5656701518590863
5b859959-c676-4d1f-9dd4-cf4fbf13ec4f,0.6561105816702079
5b859889-2b94-4e00-abed-7f7390ad43cf,0.9168828720254083
5b859945-b5c0-41bb-90c0-5fb3f71737d7,0.7623705142466202
5b85993b-074a-4223-9e80-8595412c3f60,0.6070398151523285
5b859868-0f2f-49c3-95c7-de5a8a2216eb,1.7130433119671566
5b859867-76c3-4ecc-9ff7-961b6fe9ee49,2.2626806074363452
5b8599f9-821e-4af1-8a58-6a8c04b290d7,1.0404182026313509
5b859954-f581-4b60-b4fb-c9264196fa47,2.000454114259757
5b8598f2-d31f-4e36-b0a3-e2713c3eddcf,1.2599450745765943
5b859922-93df-4509-ae4c-7a5d6df5bd66,0.7890868590091306
5b859941-a49a-41cd-9450-83e05bdb260e,2.2626806074363452
5b85991d-c3a0-4a22-b644-14004407b13a,0.6061354466214564
5b859935-8895-46d5-b6d7-0790d244304c,1.2580680071295633
5b859949-a723-4b41-ac84-aacf3569b39a,0.9168828720254083
5b85983a-32b2-441c-9d51-db1a812c54d3,0.5656701518590863
5b8597e5-e6bb-4a4c-b13a-c2426e0a8ff8,0.5656701518590863
5b85974d-130f-4c1c-8ad2-e50c6542374e,0.5656701518590863
5b8598dd-5a66-432b-9337-87bb4b7f9655,0.8279442191399489
5b85992c-c2fb-45f9-a2c9-e3d3f5b8cf6c,2.2626806074363452
5b85987e-5afc-4d14-99fe-3532d8e5ceec,0.7623705142466202
5b85991b-0607-415d-bf69-cfea147ede47,0.6092476413773857
5b85993f-b15f-4df3-b8c2-e0ca438ab3f3,1.055014484618271
5b859934-7e11-4fdb-9dfb-7d1c8e388862,0.6801164148302389
5b859a13-a5c6-4e1c-8282-9bf0f252ef1e,2.000454114259757
5b859931-c7bd-4c0d-80d7-db3697a9cd70,0.790264195407109
5b859972-31bd-4f99-ab8a-79bcf1ed281e,1.9703151644885748
5b85991a-ef25-44e9-8668-de6e3548fc44,0.6710474003129215
5b859829-2dc4-4d30-955a-a7b28e3a3d68,0.5656701518590863
5b859990-0def-40a0-8e55-c68fdcaa7753,0.9437685407491698
5b8599bb-5e05-4d20-bc3e-ec3c85578560,0.8759174098945407
5b8599e6-d482-4133-b7d6-a0d4e2a61679,1.055014484618271
5b8597dc-b96d-476b-beb8-f27f8cb9debb,0.6070398151523285
5b8597ea-04ca-4305-9ded-e2bc32ef46d5,1.0814532064343572
5b85993e-4c47-4429-8878-6d355515735a,1.2004555400803696
5b85991d-750d-4ee8-9276-45f881f7ae12,1.6190273872488437
5b859974-8a19-4e0a-b8e5-c13531390c7b,0.9437685407491698
5b8599ba-3a9d-4e1b-b6a0-65fada247ef1,0.6376466277602025
5b85991f-176d-411a-90ce-b366154ecc14,1.401583342728523
5b8598b1-83f5-4c57-a6a6-ef3710563dde,1.0071230628443906
5b8597fc-0b75-47a2-a431-f5be8da2618c,1.3045792955679907
5b859887-c682-4508-a513-b49e13a309eb,0.8656601211121261
5b859922-eb02-4b8d-b345-5c2a3e5e09e4,2.2626806074363452
5b859a79-ac7f-4777-bc74-9c12db760b70,0.5656701518590863
5b8597f4-4d77-401a-99a0-04d1ecfd77a1,0.5656701518590863
5b85994a-88ad-445e-9ec1-e0008150c74c,0.830716054637415
5b8599e2-1d92-4817-9880-8bd0891a10c9,0.5656701518590863
5b8598de-faaa-4658-8ef7-9cf707aabdcb,0.7197797797631398
5b859ab0-a639-4622-b28d-1cdf38cb2590,1.51360319530744
5b859951-7195-427e-9e68-bad38d2d7402,0.8133546858231827
5b85999e-a2bb-4abe-a2ea-4ef34843209b,0.790264195407109
5b859902-f277-4b91-b5b0-5c0cc1e606fb,1.3626028807305564
5b859800-2132-45e5-91ff-31efe6cae45b,0.6955997431411335
5b85993a-b365-4db3-83c7-93134e76d8c2,0.5849961793899939
5b8597dc-1ffa-40f8-bc36-78b8938c6e95,0.5656701518590863
5b85995c-7c94-4254-ac99-052ea896b72b,0.830716054637415
5b85980a-5d9f-44f6-b03e-3e2bac9fcabe,1.2599450745765943
5b8599aa-373f-4a53-9451-0c35e264e348,1.0177760043420903
5b859873-d789-4427-a92e-75951cab09dc,1.0071230628443906
5b85996f-52fd-4d07-9b5f-ae315be942ed,1
5b8598fd-c239-42b8-9e96-c8e5e904a652,1.3132139801033957
5b859a3e-20ed-4201-96e5-da659c0a48a1,0.7890868590091306
5b859901-ca42-42b7-8db6-cc9decd18a95,0.9423625134221707
5b8599c0-73b3-45c9-9d60-48cc75f423b8,0.7359479746320173
5b859978-8432-4e5a-9af0-3f1f6021d8b5,0.5656701518590863
5b859844-26a5-4f75-bcfa-250fd91d7dcf,1
5b859887-85c6-45f0-88cc-5e60d06874b2,0.6967731213890216
5b85990e-f7ce-4cb7-b275-9e6edf52a065,0.5656701518590863
5b85990c-8c64-426a-95bb-d2c29a265080,0.5656701518590863
5b859943-ec0c-4679-99d5-b16de5a3318d,0.5656701518590863
5b859939-4051-4042-ad1b-4f852fa1ed1c,0.5656701518590863
5b859b32-1943-4008-82b2-744fa858d8fb,0.5656701518590863
5b859882-98a3-4faa-a50c-e4681ffd2c8b,0.75639954053255
5b85999b-ee92-4c07-9131-0280f0938200,1.188297147780387
5b85997e-1111-44ab-bcc9-f03ee1c204db,0.6061354466214564
5b859949-2b81-4349-9278-4e2f8b833dc7,0.7957225055032343
5b859815-7a00-4752-9d0a-ed352a8c8514,0.5897467282696448
5b859a30-0b7f-4178-88e2-dc366a9207f3,1.2547271249785132
5b85986d-ac16-4b14-8fed-5711ee94f5a0,0.7068632622448909
5b859965-b2b8-4e39-8a84-04d8bbfde61f,1
5b859a4f-38a3-4a4a-ad8c-baaa2fbff9ed,0.6967731213890216
5b8598ad-92a6-4ac9-b065-fc47b4bff8bd,1.3927963960972336
5b85997d-04aa-4cbe-b042-3d5e99f2dcba,1.2547271249785132
5b859992-6ec7-479a-b7b2-d00ef776baa7,0.6570895142935052
5b859a45-a146-499e-89c5-be3e323c058b,2.2626806074363452
5b8598da-09fc-42f0-908c-cc587f2f5f74,1
5b85993d-e3e5-4cae-a567-19c73d95fe97,2.2626806074363452
5b8598a2-d9aa-4f9e-95d2-296dd99cbf31,1.6387664781985174
5b859a66-7c61-4db3-81c9-eb6f5eacb2f9,0.704301690985648
5b859a50-c861-4cbd-967b-560466752916,0.5656701518590863
5b85995a-46f4-4af0-9c95-a31136cdf3ec,1
5b8599df-a189-4fa0-acf7-808eafc321da,1.4618175355609218
5b859a9e-78dd-46d2-89f9-ef4b13dc2a5a,1.3927963960972336
5b8599c1-fce5-4c61-b37f-a09cdb3f25eb,2.2626806074363452
5b8599d4-624f-469e-bdfa-b14621d7802a,0.9168828720254083
5b8599a0-44dd-488f-9416-76bc2d69d854,1.117799846467379
5b859908-6e3e-4d4f-9d3e-a9e83b932370,1.224052305934072
5b859a9c-f977-4f15-87d9-93028e5429b4,0.9423625134221707
5b8599d6-6716-416a-a053-2717d6ac4fec,0.6955997431411335
5b859b4b-4ccd-4667-b62e-9b9fdb1f5652,0.9638160585286171
5b85988c-f5b6-42b4-ada5-555526ba5712,0.5656701518590863
5b859900-023f-4e88-9caf-dd8acf3b4477,1.1501909365131437
5b859923-b0ec-4192-8e00-e9316f253247,0.5656701518590863
5b8599e7-4b78-431e-a898-436e7332059b,1.101843779004338
5b85994e-b610-4ebd-b01b-cdf09ade48a4,0.6801164148302389
5b85996b-d32e-4a2d-8268-460bd2c7eebd,1.5953028913953122
5b859a4c-3063-425b-ad75-256482afbaa3,0.9083837492774112
5b85989d-ce88-474b-82eb-07f265c0a275,1.5953028913953122
5b859899-1a98-463f-97ad-fe4bbb414460,0.704301690985648
5b859a03-7ac9-4ab6-a479-ea3ff7b8e124,0.8048359945299964
5b8599c0-3367-45dd-a0c3-7d082c21611c,0.5656701518590863
5b859986-1490-4e0d-8d26-213d0b426122,1.055014484618271
5b85996b-07fb-48d5-bfd0-95663370169d,1.4800477055003858
5b8598ea-8faa-4d51-a828-fa0b2777136b,1
5b859a47-e477-4348-ad86-0783e7d738cd,0.7359479746320173
5b8599af-ec39-420d-b165-573281222641,0.5656701518590863
5b85993d-09f1-4239-be90-f3b75cd543f0,1
5b859960-8dbe-4547-b5d0-d527acb3c6db,1.278384740809856
5b859a52-bb58-401c-8b6b-be8f293822de,1
5b859804-ca5f-48d0-a0ad-1d7535408c04,2.2626806074363452
5b859928-d593-4ea6-9763-c3dd583022bb,0.9168828720254083
5b859a82-94b0-4056-97aa-aa9cd1f4f831,2.0162942863175712
5b859a7c-99fa-44f6-a096-f9baa3d3d4fd,1.1428168186395187
5b8599c3-b5c7-402d-a3a8-11c5c2baf5b9,1
5b859a1b-0e09-415f-8097-088459cc5aa7,0.9302025067444805
5b85989b-472d-4273-a53c-184257eb3876,0.5656701518590863
5b859997-9cfd-45ce-9725-e3784c78fce4,0.5656701518590863
5b859a23-40dd-4cd9-9eab-ea07c484a6b9,0.5656701518590863
5b859a08-d9dc-4f25-bf3d-3c0e143cddee,0.8789017016365731
5b859870-0a56-420c-9797-a0f93e69b4cc,0.5656701518590863
5b859a72-098f-4382-9ea4-148e743506d2,0.5656701518590863
5b859a4f-bbbf-4224-a72d-c66117fa8134,0.9423625134221707
5b859a0e-2171-4f42-be13-ebe6ad7c0be2,0.8789017016365731
5b8599dd-2c03-4f7a-91fe-cae60bfc9b80,1.2027510152928462
5b8599de-0d05-4027-b729-d7407fcc2bcb,2.2626806074363452
5b859a2c-0b55-4101-add1-1d5b07816756,1.296897340832444
5b859925-ad19-4bec-a516-0019593d095e,1.4618175355609218
5b85998a-530e-4941-9846-08270c8026dd,0.6710474003129215
5b859a85-e145-40a4-aec6-268c08c7f362,1.0177760043420903
5b859a61-0c51-403b-a8ee-cde5f1e64801,2.2626806074363452
5b859a62-5b37-4eb7-85b6-da2cf72cad39,0.8374035013155232
5b85993c-ecf0-4c07-896d-c90c3e521e92,0.5656701518590863
5b8599a7-1a32-4a0f-af2b-f9078888c6e7,2.2626806074363452
5b859a26-b553-463f-8f31-e09c49109892,1.278384740809856
5b859ad8-0110-4b37-bff6-767d20b53dd3,1.278384740809856
5b85992d-659c-49a3-bcc4-1e041c86d46e,1.9875126330014594
5b85999b-2300-4dc0-b717-6eda95f70aae,0.6967731213890216
5b8599ee-b6fb-4572-b308-562f507d9868,0.6801164148302389
5b859a4f-2ffd-4122-997a-45b8350eb372,0.7843639407120553
5b85992c-1df5-47e8-b311-5a165c9d88c0,0.5656701518590863
5b8599c1-f120-4bfd-b566-b1cd04183fdb,0.5656701518590863
5b8599a0-1009-41bb-ba93-811f727ef9c5,2.2626806074363452
5b85996d-5ff1-4875-af95-d6bdef552bd3,0.704301690985648
5b859b33-6a4e-4953-a442-09b25ee5c4ef,0.9423625134221707
5b859b32-b6f0-4903-b79d-84b665cb25c1,1.2027510152928462
5b85980f-135e-4a73-9b37-76f586029017,1.117799846467379
5b8598f5-8be3-4696-80dc-e2969af1544c,2.2626806074363452
5b859a3c-16b1-4e26-a79d-3bcbdafc1709,0.6692056856494755
5b859ab9-bc5f-4bd0-80a8-f4aa15adf1cb,1.0071230628443906
5b8599d0-e60c-437b-afaf-004c7313f929,1.1061561627041967
5b859892-0e84-4e58-a4cf-a33610871803,0.5656701518590863
5b8599ee-7b1d-42b0-a076-2dc69d591c70,1.278384740809856
5b8599cb-787a-484a-bc00-e014cb774f36,1.0949821783632114
5b859a45-a2ff-4813-b5e8-4bdf0508f0cf,0.5656701518590863
5b8599d3-4ffb-4eaa-bc6d-cd15e1a45016,0.7575281066724064
5b859a19-2b0b-4636-9ace-d203a978dab0,1.5953028913953122
5b859951-badf-4a1b-92b2-8560a7cb35e9,1
5b859977-1b1e-4376-b1a0-b0a5fa69d121,1.5953028913953122
5b859817-d6f5-4f9b-b4dc-692e36995a23,1.4618175355609218
5b859a4c-da40-40b2-8e07-d7444b40f6ab,0.704301690985648
5b859874-c34c-4795-81c6-5aa1d6406f75,1.297396198537507
5b859a79-2ee2-486b-954e-6423e073dac8,0.704301690985648
5b859993-9c00-4c07-ab2a-8e6416db3730,0.5656701518590863
5b859ab7-1005-4d41-8351-ec8fdfb55ba3,1
5b859966-6c47-484e-8cab-5220e9156507,2.2626806074363452
5b859a3f-da42-4c09-a837-eb55d019639c,1.3949081760323352
5b859bbb-3dc6-4061-8f02-58fadea07975,0.7575281066724064
5b8598f5-653c-47ed-8270-d65e55045c58,1.3045792955679907
5b859921-c2f7-4832-935f-4acd3ebf3043,1
5b8599ed-af7b-4614-ba6e-a7d315eb40a2,2.2626806074363452
5b859b32-cc4b-486a-8e65-2cf70c7573d0,0.7038834946000806
5b859973-089e-4818-bd1c-b3bdf023bb3c,1.374996517400551
5b859b15-fe01-49c0-b1f3-7dccd4e0af30,0.5656701518590863
5b8599c5-8e17-451e-b1cf-b326a2a34392,0.5656701518590863
5b859a52-aa62-48c3-9e76-c26bd0764c89,0.5656701518590863
5b859b14-dc9c-42ea-ab96-626bcf13fa6b,0.5656701518590863
5b8598f6-857f-4032-aeb1-dbad12071175,2.2626806074363452
5b859ab3-c61a-471b-9c89-8491450a3a20,0.9100372595050336
5b859aa7-c566-4c60-bd93-e027afa428f6,1.101843779004338
5b85995a-3e3b-41e6-a8bc-06e62e02fe9b,0.9423625134221707
5b859ae0-6439-4afb-810f-9e52ba5e91e1,2.000454114259757
5b859bba-9de5-43a1-83b4-de103d60eb48,0.704301690985648
5b859a1a-5bfe-4f4a-b75c-b80e72fb7856,0.7359479746320173
5b859b81-6b8b-47ce-86fe-877a6cbd2a73,0.8759174098945407
5b859b43-6c8e-4e35-b6d4-a7331c83cda4,0.9423625134221707
5b8599d6-0ade-4d7a-a225-b7d04619c5eb,0.8048359945299964
5b859bdd-9a31-4d10-8b4a-3d54a9002097,1
5b859baa-5b02-42d4-8cb4-44de801495dd,1.2915193684047324
5b859abf-fe28-4ca7-9fae-562990e59ad4,0.5656701518590863
5b859a53-c002-4156-b2e8-689c6ac50181,2.2626806074363452
5b859a76-ad62-4173-8f67-59d604ff7bba,1.9570875876026788
5b8599f7-9f66-4cfc-b50b-288530db04d5,0.5656701518590863
5b859a52-9f58-466b-9d6d-667635d80f7f,0.9436729952426928
5b859a63-aba1-48ef-8d80-8c0c2db472da,1
5b859ae7-f8a9-4c1f-a299-42dc589e14e3,1
5b859955-d28a-4729-ab63-dff2169037c6,1
5b859955-d5a3-4a1a-b307-bc747e4ffc8b,0.5656701518590863
5b859b74-4242-4bc4-b77b-69e08d67762c,1.101843779004338
5b859990-fac7-494e-9307-603ebec26edc,0.5656701518590863
5b8599b9-9dda-471e-be72-575e8938af6d,1.0366548360488352
5b859a8c-081d-415e-b3ed-5c4f22e1384c,1.1558589138549522
5b8599d8-4a52-4abf-9146-5cd8fd39f379,0.7068632622448909
5b859bdc-8e95-4308-a592-1196884fc068,1.0534427229715269
5b859a2d-117a-4479-81df-62a3ef8eca16,1
5b859acc-23f7-4d85-bf0e-22e6bc740d82,0.6333708409381398
5b859a97-817e-45d3-a2d9-23f323686f91,0.5673730004812348
5b859ab2-d5ac-4eb9-abe7-52db7624261d,0.6885546054592245
5b859a94-9676-4722-b847-9755dad9246b,0.704301690985648
5b8599bf-e3dc-468a-b32c-31608ced1cd5,1.117799846467379
5b859c94-92ff-469b-8365-e7db9e0453e7,2.2626806074363452
5b859983-fc82-4112-90d3-d4c059a55448,1.4437561563033403
5b859873-f3aa-45cc-8d89-e4b4befd50d0,0.5656701518590863
5b859a4d-516a-4730-acdc-98a37bbe351e,1.2547271249785132
5b859b72-7fcd-4548-bb9d-8992a398ef35,2.2626806074363452
5b8599a6-2efe-46bb-81bc-56bf537d8c24,0.729251951083797
5b859a8f-45b0-4b47-ad41-8f9eab9b485f,0.6070398151523285
5b859b7f-8cbd-4afa-8c9f-515cce4a0557,1
5b859a6f-6b0f-4cb3-ab74-5578a169bed7,0.5656701518590863
5b859a48-1e95-4f58-8d70-b1ca57654710,1
5b8599f9-e9f3-4a3d-b808-27200810ae64,0.9100372595050336
5b859b13-98b0-44f3-a203-a5d21439f6c8,0.5656701518590863
5b859a43-0784-459b-bbf3-2641f3eb7b0d,1.278384740809856
5b859ba5-d6c0-4c74-b7c9-81c191d8094a,1
5b859aac-f1f6-44f1-8827-b74891d85fe7,0.7575281066724064
5b859b0a-d227-474c-9e18-fe5ca064a233,0.5656701518590863
5b859b30-b33c-49f6-9620-1b699bad26b6,1.0071230628443906
5b859aa3-09d7-4293-a9e8-1a213e7fcc5a,1.296897340832444
5b85992e-af2b-483c-964e-e09dea3e263e,0.5783778387275049
5b859b01-e161-4cd7-aa32-420ca995a678,0.5656701518590863
5b85994c-085f-4ea1-b0a8-21aefc81c629,1.5361126967473548
5b859aac-b13f-4da9-bc8f-098b661bf14b,0.6031920224438894
5b8598e6-9c53-441a-99a3-f6f2a806b2d3,0.5656701518590863
5b8599a9-a136-49c1-be57-d36b6a4b7597,2.2626806074363452
5b859a8c-5c4e-46dd-b2a9-7e9f08273fab,0.8133546858231827
5b859a93-f7d6-4c88-9638-685bd6f624af,1.8854012573134014
5b859ac4-4c0c-4e32-a6b9-0ac49a33fa4b,0.5656701518590863
5b859a95-5df0-47c8-ab11-1242439dc82e,0.7059443324419377
5b859ad8-fa31-4c8e-9b9c-481986c79a09,0.7843639407120553
5b8599e5-6c3e-4001-9b06-b98502e09600,0.5849961793899939
5b859a6e-3c07-411c-8e3d-4d8053cf6462,0.5656701518590863
5b859ba1-ab5e-4922-98ba-9073d791e493,0.8017444299447357
5b859a92-7e52-4e57-98fb-7e7a638dff6c,1
5b859b63-8da3-4e89-8361-5a509043a61e,0.8789017016365731
5b85996a-0a56-4ad8-b3ef-66f9819125e2,1
5b859a15-a4e4-4a30-96b7-9eddbbeb3f84,0.75639954053255
5b859b6d-8239-4a84-9787-b404b18da82e,1.3045792955679907
5b859a23-7a2c-414b-895e-d14ca887586a,0.5656701518590863
5b859a52-f852-4b45-9bd6-dc990619322a,0.8075560672576805
5b859b82-c81e-434d-84ae-0f118a3300ca,0.6119266189797705
5b8599db-76b7-4686-9622-f554c28e1a81,0.6967731213890216
5b8599a9-d040-4280-9552-a990711f61b3,1.9841656266095968
5b85998b-2547-46f2-be15-6b1c5544d3b7,0.9168828720254083
5b859aef-ef2f-4ed9-b9f4-b4e97d316b90,0.8374035013155232
5b85998f-7c0e-4e32-b8d9-b61f2e571cf4,0.75639954053255
5b859b0f-464d-44b8-9267-9dcb6e349949,0.5656701518590863
5b859b62-f987-4863-b898-13f3bdbea0de,1.1744316553991667
5b859aae-3091-43f6-acc9-203f5038f87f,1.0071230628443906
5b859b41-3556-40ad-9d24-b18064a87c69,0.5656701518590863
5b85993b-dcdb-4449-83de-5acd9b41c1a2,1.4943382104065466
5b859a67-8765-417f-a964-47ab36c5c3a5,0.6343158453263656
5b859b5c-c81c-4da1-b607-e8a282cb5700,0.830716054637415
5b859a7f-759e-4b9f-8a69-155a34182287,1
5b859979-2505-496b-814a-7b248ae1c5b0,1.278384740809856
5b859c14-6c1c-425a-b186-33e231d16d83,1.2027510152928462
5b859aae-1d83-4724-988f-b27440953f6c,0.5656701518590863
5b859a85-b2ed-457f-a647-eae243004326,0.71870745111891
5b859a8a-3d2a-4de8-8872-6dca25c99257,0.6710474003129215
5b859a01-8139-4827-92c4-dc6e2aea8daf,0.7359479746320173
5b859b01-341d-464c-986d-6bf5a57909c7,0.6692056856494755
5b859aab-42d6-4fef-a600-9f3c63a980a7,1.6184048601536143
5b859a6d-ca95-4157-91ae-140553398b3a,1.3973630821186107
5b859b4d-850f-47a9-97a4-39c75f1667fd,0.5656701518590863
5b859a76-3992-4619-8f6b-be88c1570a04,0.5656701518590863
5b859b02-c8f7-48d3-a41d-2f8991de415b,1
5b8598e7-6b46-40bb-95a6-adf9815a6e1f,0.6967731213890216
5b859b42-5a65-4110-a581-d0c76603c5a3,1.6387664781985174
5b859b12-6062-45bf-bfc2-4a3578e7f6fc,0.5656701518590863
5b859b3a-445c-4a22-a19f-3b74f9d642f4,0.6797388284434503
5b8599a8-1def-4d9f-b786-d161be6481ce,1
5b859992-2798-4140-b247-16aca55852cd,0.5656701518590863
5b8599c1-5a17-4213-97ce-f24249aaa529,0.6061354466214564
5b859c16-62ba-4dbc-a909-432b8c8ee698,0.6333708409381398
5b859b75-4ec1-4ba0-bb33-0021dbe194d9,1
5b859aee-a824-4ae9-bc48-41a1008f4bbd,1
5b859b98-49df-4919-b0d0-116495c7adab,1.278384740809856
5b859bfd-cafd-4dc2-8ebc-af65ecbec14f,1.0366548360488352
5b859bf5-4013-415f-9602-19c1584ae43e,0.5656701518590863
5b859b98-99b6-47ed-8858-e2dfe843d1d2,1.0949821783632114
5b8599cd-00b1-47cb-ba56-87fd0eda2964,1
5b859b70-4f50-40c8-a39a-a118d74c0f50,0.6967731213890216
5b859b37-cae2-4d8f-b55e-eed4775a0f2f,2.2626806074363452
5b859bab-bff9-4d45-8fb8-9185b9fc298a,2.2626806074363452
5b8599d6-df03-4fed-aaea-76fdf4990f91,0.8070509760888522
5b859a6f-524c-40d3-abfe-304b8e5ee15f,0.75639954053255
5b859a6a-b77d-4e98-814a-8f37eb83bb6a,0.9100372595050336
5b859aac-8cb5-449d-8ee8-4313ab3b3985,1.4397937135872758
5b859a47-f08b-4be4-8520-dafe07bede76,0.6333708409381398
5b859a99-4e96-4bd5-a4b4-ea55dd6a2481,0.704301690985648
5b859bea-ce9a-4403-bd96-d45fdcfe3dbf,0.5656701518590863
5b859b1d-c7ab-496b-93ef-17b9c8fa2231,0.5656701518590863
5b8599bb-0206-4bfe-826e-1a18e429454e,1
5b859a32-a59c-4e84-9ff7-911c40fe8bf2,2.2626806074363452
5b8599a6-6a36-45a1-9950-6a7549bab334,2.2626806074363452
5b859adf-4db8-44a8-bb30-6062163d8cea,1.9141312207996035
5b859c1c-0d44-4c84-b3dd-716a26fa1fdd,0.5943531190701359
5b859abd-6c5f-4481-bba4-0e5698d35350,0.5656701518590863
5b859b79-84d4-47b5-a3c6-c1b97506992c,0.704301690985648
5b859a44-dd58-4e29-9929-fb0521d85063,0.5656701518590863
5b859a2c-95a0-4b90-b216-1870a68a5d7b,0.5656701518590863
5b859a57-223a-4ce2-90a7-6a49d410d77e,0.9638160585286171
5b859c0f-d877-4b48-9953-1170432078b7,0.8789017016365731
5b8599fd-64ff-40ac-bbf9-38a26c01472f,0.5849961793899939
5b859a21-84f3-418d-ba89-7568a774be88,0.830716054637415
5b859b53-9aa7-4a40-93fa-ef4d949c7810,0.5656701518590863
5b859b73-8551-4401-88bd-a0a73de9622c,1
5b859e44-0b25-4c90-bbca-a30da3782b4b,2.2626806074363452
5b859922-8f46-496d-8de2-d02e9f523f86,1.475875024338053
5b859bb6-b836-46ac-b380-19c183efb76e,0.6343158453263656
5b859b28-83dd-466f-ad16-c497b27606dc,0.8426865562512864
5b859a35-1263-45fa-ac99-869c97083783,1.101843779004338
5b859a9e-5c88-4d45-bcf2-cc03bc34d86c,0.8374035013155232
5b859c20-0d0d-45d9-ad62-8ab364a0c93f,1.2580680071295633
5b8599a0-eb08-48ad-9663-34ef577f6a67,0.8789017016365731
5b859a5c-b252-4ef9-b394-8a4503d25658,1.3927963960972336
5b859ca8-306f-4a55-afbb-9ca13af36533,0.704301690985648
5b85991f-cc65-4154-ba72-060437983bd0,0.6070398151523285
5b859b44-6761-48c0-bede-58f7cda6f522,1.0071230628443906
5b85997d-f4cd-43b7-8a7c-caf769b32652,0.5656701518590863
5b859e22-7340-4209-abc2-2910828fe7d0,2.2626806074363452
5b859b40-7ec9-4f2d-89c4-f4072ec84e96,0.5897467282696448
5b859aea-4154-4d2d-9197-635699ddfb12,0.5658158240818592
5b859a63-39e1-4fa0-991e-d1c0420783b6,0.6070398151523285
5b859ade-6b2a-4e09-94f8-92d1cf4b9a8a,0.8048359945299964
5b85991e-f1dd-4160-a951-23b7c49540f0,0.8048359945299964
5b859cc9-8982-4bbc-b74b-8969598106a4,1
5b859c0b-f1d3-41ca-98ae-91b395947443,0.7217606789145794
5b859b9c-b568-4c8b-b9eb-5ed4a4e810c3,1.2027510152928462
5b859b4e-7935-40f1-bf38-ba5d4b338412,2.2626806074363452
5b859b56-a628-42d0-902a-7173c70dd788,0.5656701518590863
5b859a84-17d0-40f0-869b-67cb1fa34cd9,0.5970033772327927
5b859a06-eda1-4388-93e3-5beb3afe9c21,0.6376466277602025
5b8599a2-8c8a-44a8-98fb-cf0c75548d3d,0.5656701518590863
5b859c35-dcc6-4a89-aa9e-8b3616f12260,0.5656701518590863
5b859a4c-0d47-4cd6-83a7-522525ffeb66,1.5682983600884535
5b859b6c-436b-4bc0-96e8-e92e7bcb02b8,1.6868198708321083
5b859cc8-8090-4d4c-a1c4-6866b6f17700,0.5656701518590863
5b859cd1-cd9b-40ee-b960-7c577c8f4073,0.7575281066724064
5b859c41-4cd9-4841-ac77-a349b2226224,2.2626806074363452
5b859d9d-509a-4ec6-9650-517c48d597f7,1.3132139801033957
5b8599b2-5cc9-47fe-aa14-2055bf7de37c,1.2547271249785132
5b859c5c-4aa0-4019-8190-ed70079b8da3,1.3949081760323352
5b859cb6-d77d-4138-b29d-88e83b181d94,0.7843639407120553
5b859d6c-9956-47ba-8da4-3f7e5294d497,2.2626806074363452
5b859af9-d73a-479e-b689-ea790147576e,1.2580680071295633
5b859b0c-cbce-421b-80ac-b998385bf033,0.8789017016365731
5b859dd1-8d19-4d89-a547-65bcd14bc6f8,0.8789017016365731
5b859ad0-1e95-405f-8eb8-5d63a77caf4a,1.374996517400551
5b859b1c-627b-474d-af64-c515fbfdf966,1
5b859a4d-a474-4d02-a7f8-869695f79278,0.830716054637415
5b859b42-3094-4511-848f-3a8686b9182f,1.101843779004338
5b859df8-f2ee-46ce-acd2-bc9eeb40398a,1
5b859cb4-d5ea-43c6-8455-10d55402e9b0,0.5656701518590863
5b859a57-b9bf-424d-ab9a-552a1ec63a54,1.2599450745765943
5b859af3-8fd1-4f22-9635-2ac91e1c92c0,0.8374035013155232
5b859a80-22c6-4491-88b0-f9e554872321,0.5656701518590863
5b859cb7-436d-4889-8555-8a6b467ce8ad,0.5656701518590863
5b859b94-e132-4e90-afa6-c7149d723657,0.5656701518590863
5b859ae7-33c0-415a-8084-df18cb708bba,1.5953028913953122
5b859c20-bd6c-461e-b19c-cb9bc991ddcb,0.5656701518590863
5b859b7b-1ef1-4fb0-9168-d4b885ddffa7,0.5656701518590863
5b859b6d-3e53-467a-a752-872dfe6f58e5,0.9302025067444805
5b8599cb-0ae2-430f-a214-901fd9139cce,0.6471293691617953
5b859c32-4428-4fc8-a370-d4100f43fd06,0.5656701518590863
5b859ded-f118-4cea-8fc1-695eb23c4973,0.9100372595050336
5b859b98-101c-4206-adc4-f7177ee6ecdd,1
5b859cc8-30e6-4205-98ef-e20ef2a24bbd,0.8017444299447357
5b859ef6-3186-478e-a2d6-f53cbfecfb2f,1.4774916422018196
5b8598a4-f4a3-4b4c-b4c5-ef5587508561,0.5656701518590863
5b85986f-d7fe-4a98-a26f-0dd3c9057677,1
5b859cf9-44fa-47c7-a2f8-3b140933eaad,0.6376466277602025
5b859de6-e34f-4f25-85ca-2343558f2ac4,1.51360319530744
5b859e7c-be6d-437f-975a-874d3fbf597a,0.6955997431411335
5b859a5a-2fe5-4184-9c21-184dd02c7202,1.278384740809856
5b859eea-fc13-4a0d-87c6-be0895dc4188,0.9492951537152606
5b859d46-365c-464d-a8e6-cf2ed596f449,2.2626806074363452
5b859c2e-9c8a-4cd1-b17f-228396b1b20c,1.092489131432031
5b859def-3102-42ab-92c6-ad6c0f1d9e7c,1
5b859aac-2750-459a-9737-57d8b72b80fb,0.5656701518590863
5b859e64-9f73-4a2e-90fc-d89c5d8b23ff,1.055014484618271
5b859e1c-d9c8-4fd1-a40e-388eb0c3549e,0.5656701518590863
5b859e07-02ab-4e55-84ba-b0cc4e9eff74,0.5656701518590863
5b859c4e-8135-4f9b-b868-986c7d9f1ce8,0.8133546858231827
5b859ba4-bb0c-4836-a3d3-a25b2a7e3fd5,0.704301690985648
5b8598a6-46f9-4d5c-af03-7c48a39ea8ef,0.9772020407187473
5b859b79-9ca4-42b1-88b6-3dedf6d61dd4,1.6184048601536143
5b859e68-d40a-47dd-9094-cae637596232,1.4437561563033403
5b859fa4-e642-4187-a39d-26d0a2439de3,0.5943531190701359
5b859a8b-f057-4ee7-bc53-b1e25ac41778,0.5656701518590863
5b859bce-c52b-46d0-b632-c1ea762491f6,0.8374035013155232
5b859d35-3a42-41d5-8c20-1a41161de5ce,1.0814532064343572
5b859c8c-fc44-4a10-993d-953819e72d0b,1.0949821783632114
5b859ef9-4a5a-4c64-8e4e-d39116a553f1,1.2599450745765943
5b859ea3-94e2-4569-b6e1-6ee2c8480fc4,0.7890868590091306
5b859be6-30a8-4fec-b2b7-85d075702bbf,1.278384740809856
5b859dcf-bcb6-41b2-b146-0a1d9a990b6c,2.2626806074363452
5b859e49-b379-4d0b-ab0a-d9b2073a83a8,0.5656701518590863
5b859b84-869b-4ce6-a864-172a273af072,0.6895822915645953
5b859e49-ab1a-4443-810c-79bcb9501a47,2.2626806074363452
5b859e7f-2980-447c-ac55-a8ef196604e1,0.5656701518590863
5b859b04-9e88-4c38-8ad9-55fd7acc8cd9,0.9302025067444805
5b85979b-e603-452c-9e2d-d3db375d5035,0.5656701518590863
5b859ea2-4311-4dc3-821d-f9db0402d752,0.5656701518590863
5b859c66-75ef-4872-88f7-130aec58e6e1,1.9570875876026788
5b859e9f-d7f1-4936-a0eb-2d238d8c7e53,2.2626806074363452
5b859ef8-97a3-4730-9f0f-2fd3130d76e9,2.2626806074363452
5b859e30-03cd-4d53-9373-47bfcdae24da,1.101843779004338
5b859e6c-295c-4dbd-9e65-e00c5f2899f4,1
5b859ec7-9245-48e7-a3e8-e791877d5181,1.7130433119671566
5b859e7c-a856-498d-9258-0c782a51e8e0,2.2626806074363452
5b859ee5-c65e-4d7f-92a7-e4877d9ce21c,0.8017444299447357
5b859a1e-e3a6-4f4e-8bc3-b34980c845ed,1.224052305934072
5b859f24-a602-4031-bc76-25cb706895d2,1.0768783894817808
5b859f20-2adc-4a9f-b1fb-fe28da4b6d6f,0.8122251774714749
5b859f4e-ae18-4808-9f9f-3f405d6c8bbe,0.5858690076303974
5b859ebd-4a91-480a-a7cc-508c68cc949b,1
5b859de2-e5f0-4f60-aeb0-5df9807f514f,2.2626806074363452
5b859a90-8575-409a-aa13-75a277468679,0.8772242995436562
5b859cbd-1b08-4959-b007-fc3ab0f6bb37,1
5b859dd0-cf33-40c0-815c-afe8dedf7dd4,1.030468579898276
5b859e29-ff99-4f6d-bde5-16c031bfbbea,1.1337725014629136
5b859d85-4096-4437-aa61-7bd6478bce23,0.6797388284434503
5b859e65-2187-468d-9fbd-f1ff38a96161,1
5b859e77-cfe7-4019-9288-cca4f3504139,1
5b859c33-d26b-4e3c-8770-bc3349ee4e2a,0.7087450262702305
5b859b88-75ee-4c95-be73-17577042ca7e,0.5656701518590863
5b859f41-be5f-4c6e-afd6-8d09832e4bbd,1.26405247454341
5b859a65-ed64-4e68-b1c0-1328392ed8bd,1
5b859e05-128f-4472-a49f-ce7cf2919e2e,0.5656701518590863
5b859ef7-d1b0-4ff7-84bc-2dd02c69dc03,0.5656701518590863
5b859a95-64a8-4817-9979-cba08aee501c,0.8017444299447357
5b859d08-5539-4ccc-b771-41cbb4cda373,0.5656701518590863
5b859e35-bffb-4c21-9c09-f308e2846d3f,1.224052305934072
5b859e7c-26ce-489c-850b-913a4150ad7b,1.0534427229715269
5b859db1-0e26-4e96-815a-04e27a0f0a1d,1
5b859ead-0d72-47b3-8647-065a710d4a40,1
5b859e61-3ee7-4945-ab31-53e8212e2fd7,1
5b859eac-1e09-408d-b7c3-bc745875d61c,0.6710474003129215
5b859d20-6b3f-4335-b0d2-0294ed3ea205,0.5656701518590863
5b85a033-942d-4b21-9d7b-2cf366a5bb79,0.7068632622448909
5b859ed8-db77-4ff0-bf8f-9492351aaccb,0.5897467282696448
5b859f2e-e668-4efc-8637-2d7e3b2c112a,0.9302025067444805
5b859f70-1898-4ce7-82ce-983c8dceefbf,0.5897467282696448
5b858da0-390a-42e5-9266-29e575c5997b,0.6061354466214564
5b859e0a-03cb-41e4-9bb7-387896735642,0.5656701518590863
5b859ddf-ff03-40cc-a22d-c80852414c55,0.6343158453263656
5b859ec8-a08b-447a-b0a3-c75410aff74b,0.5656701518590863
5b859df9-1011-49f7-98d3-d839a9a051b9,0.6061354466214564
5b859ef9-d707-47d2-a16c-75377514a415,1.4618175355609218
5b859ea2-5239-42fc-98bd-892bf24d38f0,0.5656701518590863
5b859c42-e23e-4f3d-a872-014726b22712,1.0949821783632114
5b859a5c-6930-4295-b1e6-523c35e569df,0.6926571826325549
5b859cd2-038e-4273-83ba-a7c58ca8c466,1
5b859eaf-2fd5-4f57-b77a-de7883010cc1,0.5656701518590863
5b859f1f-2024-4885-a035-6788d2552e51,2.2626806074363452
5b859ac1-cadd-4eee-9828-ce4852b9a277,0.7398124257633945
5b859bd2-00fd-45f1-8ca6-f264def04cfe,1
5b85a066-c4a6-4715-b60b-7d1c34bac1a7,0.5849961793899939
5b859c5b-01fe-4af5-9f98-a93e9a47df05,0.5656701518590863
5b859e66-f941-4070-aaea-7842a7bd50a4,0.6376466277602025
5b859ef3-e6cb-4cef-8151-24f90839b7b7,0.5656701518590863
5b859ba9-b958-479a-87cc-0ae632f4107d,2.2626806074363452
5b8599b4-2a14-4885-95e9-8114ae4d8bd6,0.5656701518590863
5b859d17-8be7-4fb3-a09f-a3ccfd194261,0.6061354466214564
5b85a060-83e9-4f2f-9e1a-d89826f8b46d,1.4984507645184895
5b859fcb-9679-4f41-bb29-f75cbab0630b,0.8017444299447357
5b859ae5-f65b-4419-9331-d9cddd04cb17,1.2547271249785132
5b859f00-8fa8-4ab5-8b2a-7418c61559b6,0.8122251774714749
5b859eae-53ff-46ad-8e24-cbaa2827941d,1.1084555914546221
5b859e66-7464-4c7b-bc69-e51dfbbc22a4,1.224052305934072
5b85a0cb-321e-4874-a253-163507b54e5e,1.055014484618271
5b859e60-1b1b-4377-8a6f-e275da75fac9,1.286055919162541
5b859bad-ac3d-49c6-8b13-83389eb80404,1.0404182026313509
5b859eef-64b4-4649-8409-7c512d7ec1b8,0.5656701518590863
5b859e6f-f236-4ca7-ae48-8fe5fdebf23e,1.055014484618271
5b859f98-6e1d-425d-84da-4e53c24f2ebe,0.5656701518590863
5b859eac-0e60-4114-bb35-e8ae068d96d9,0.6285445218310628
5b859fdc-180b-48b2-a579-846c3ac33a4b,1.224052305934072
5b859dc5-a894-47d3-990a-f079af20e17b,1
5b859e21-419b-4ae0-be63-66de6085f801,0.9563768273576596
5b859e36-924e-4425-9c17-c501e6689052,0.6333708409381398
5b859eac-9d32-4da0-a479-e89bd9533230,2.2626806074363452
5b859f6b-78ce-46fb-8ce6-06fe41e9150b,0.7359479746320173
5b859d8f-f4b2-4c3d-8340-c836a38b18bb,0.7890868590091306
5b859f67-d1dc-4238-ad3d-4b73b79eec0d,0.5656701518590863
5b859ea3-0bb3-42ce-8860-abba5c4261b4,0.6376466277602025
5b85a07b-58f5-43fc-9450-ad82776d2f0e,1.6750794212735787
5b859f25-f70b-4dad-b9ec-498730b56d36,0.5656701518590863
5b859e4c-3850-4395-b52c-f50e29f83574,1.51360319530744
5b859bb7-5213-4966-a3fa-7fdab210d681,0.9079655551178172
5b859f20-995f-4303-9575-b59b859582ce,0.5656701518590863
5b859e93-7d88-48da-b5ed-289550011c84,1.1013942830724621
5b859dcf-14d2-47d8-8631-ac7a2a4dd60d,1.0949821783632114
5b859efc-a336-4d96-9953-2339fe8755d8,0.5656701518590863
5b859e67-3796-4b93-b25a-1c52485e0b34,1.374996517400551
5b859fa9-89d9-4ff3-b085-c6653b14389b,2.2626806074363452
5b859ac8-2ec4-464d-8ad2-0436f26434b7,0.8789017016365731
5b859f50-d207-41a8-9f33-d80d5e156eac,0.7076891372129205
5b859ca0-86dc-4d72-8a2e-68bc9331ea0f,0.9638160585286171
5b859ec5-3c16-4e1b-9505-516e3841a9a1,0.5656701518590863
5b859e75-1cb6-403f-9c62-09467645a251,0.75639954053255
5b859ba5-dedf-4723-91c9-394813cb0705,0.5656701518590863
5b859fe4-fb35-46aa-9c5c-78ceefa9c061,0.7890868590091306
5b859f65-8dc0-4ae1-86a5-65bd0f1bd886,0.7623705142466202
5b859f24-bbce-41b6-8486-472d66f3b69b,1.278384740809856
5b859db4-770a-48fc-874d-5a15b09beac4,0.729251951083797
5b859f99-3b96-4985-af1a-d8ad6b3d902c,0.5858690076303974
5b859f6e-2d2d-453e-837a-61d12bcd5065,1.224052305934072
5b859f58-6e94-400f-83d7-6cdc5dbb69f0,0.6926571826325549
5b859e6e-8afa-4b6b-8c5a-447b1ee550d6,0.5673730004812348
5b859ea5-0a31-4b2b-977f-34c6dc6e74b7,0.6061354466214564
5b859ebf-a024-44f0-b6e2-3f0c44b3af47,1
5b859eaa-94bc-4a67-bd18-b6f41f731c56,0.8789017016365731
5b859f93-9694-4bc9-bcf4-26b16c0f5ac8,1.3889738143471348
5b859bea-03ce-4d62-9a17-3b0b63da0a9e,0.9849973657865915
5b859fec-6ef1-41e9-9a4e-3861f348ac10,0.9423625134221707
5b859f13-6f4a-45df-941b-d2c33f13f07b,1.0071230628443906
5b859d40-965c-417d-b02a-83c4da277ec5,0.5656701518590863
5b859e80-e745-4a33-94b1-4e700bd79971,0.5656701518590863
5b859f25-f452-4cd2-914a-a2bfd1fefc0b,0.6797388284434503
5b859f6c-d90f-4fb4-9696-a0cffd6ff229,1.9141312207996035
5b859ea4-90f5-4b16-9930-bcfe2e536367,0.5656701518590863
5b859f5d-84db-476b-9d3e-82b6bc3d6fef,1.101843779004338
5b859f0a-cadc-4c47-8d14-c037f4fa0db6,0.5849961793899939
5b859fd0-4510-4cb2-9a5e-748b7ff90ded,0.8284361233862512
5b859fbc-be5c-4eb8-9c58-228eeeda61e8,0.9235708494622377
5b859e70-401e-48c8-b889-c1fc782022cf,0.5849961793899939
5b859d9d-c9c4-4aca-9d66-1de96fdb1fcb,2.2626806074363452
5b85a111-6a89-43f6-a4f4-638c39b42a72,2.2626806074363452
5b859ba1-046d-48fa-b01e-60be10cba31c,2.2626806074363452
5b859eb3-f5e6-4597-9d7f-be391a6fd6eb,0.9638160585286171
5b8599e3-1a41-4ddc-b186-98971dc22ceb,1
5b859f20-7e2b-42df-8ea4-60743b16c013,1.5355220509172822
5b859e27-124d-4c41-8cee-cac317d217f2,1
5b85a061-5997-46c3-bda3-9c2d695508d6,0.5897467282696448
5b85a004-e36d-41e1-acaf-c3e7a4d1ce2d,2.2626806074363452
5b859aed-cf25-428d-8df0-aad6ea72aff2,2.2626806074363452
5b859eef-a32f-44ac-b4f3-f736bf20218c,0.790264195407109
5b85a0a7-4293-48c0-a544-e65f81c5f553,1.0814532064343572
5b859f89-1e38-436c-bfef-861ad2b05613,0.830716054637415
5b859e3b-c9b7-41ea-b2ee-f3cede151908,1
5b859f57-1cbc-4559-9f36-51ce3f17fa97,1.0949821783632114
5b859fcd-0656-481f-b0bd-98e604788918,0.5897467282696448
5b85a06e-f175-4adf-a47a-2c4e9ac0ed29,0.6710474003129215
5b859b0d-47bd-435b-9a56-91b0b96e2033,0.6333708409381398
5b859f34-147a-43a0-9034-2f5d100d7c9e,0.5656701518590863
5b859fe7-0cf8-4809-9b53-059fd8465914,0.7359479746320173
5b85a04d-5b23-4977-babe-e9a8facbaa45,0.9423625134221707
5b859f35-ef57-41c9-90c1-d2de885da812,1.0071230628443906
5b859f59-4cc4-479e-948d-8ea669fb6b63,1
5b85a021-d7c8-4fdb-99f4-b76b71614536,0.9168828720254083
5b859e75-a992-442b-85ec-276f6247502f,0.6333708409381398
5b859eb6-69d2-434c-b82e-bd0b50998d17,1.3626028807305564
5b85a016-e943-402a-8dc2-bfdbeed25c4e,0.5656701518590863
5b859f89-3365-47af-a502-366e516e232e,0.75639954053255
5b859ee0-9fa4-46c2-935a-1ec44999dd76,0.927649531208256
5b859edb-fd15-454e-87f0-53fc6394e55f,0.9423625134221707
5b859fa0-54d2-4c14-80f7-89655e7dcc33,1.070432953733687
5b85a085-3b36-4f04-aa81-b45f0db8ef8d,0.6801164148302389
5b85a05d-d82a-426d-bb09-c42fe97ca419,0.9436729952426928
5b85a01d-b3d3-4255-9687-fd558eaba8ed,1
5b85a043-2663-4a0d-9ba2-ac82cd3c25b2,1.0177760043420903
5b859ada-9bc3-44f4-a90f-de25d8fa8c27,0.6333708409381398
5b85a037-10b9-4ac3-a9ee-de3d0cbb3d8c,0.5656701518590863
5b859edd-6412-4d95-abee-a0d121557474,1.9141312207996035
5b859b52-e120-4539-b8c6-501b9f544f26,1.2580680071295633
5b859fa9-4d13-46ca-8c28-f4192bdc62fb,0.7890868590091306
5b859fc1-5a4e-42ca-8357-871aae7d9cb3,1
5b859a99-140a-4137-9d48-2f74fce01173,0.7068632622448909
5b859f3d-29e8-4149-99da-c1214c7f6e64,2.0162942863175712
5b859f6b-5216-458b-b730-d49959dd5a3d,0.5656701518590863
5b85a149-724f-4d93-ad37-85baa94ff868,0.7890868590091306
5b859f9c-9cde-43de-849d-df98a898899b,0.9168828720254083
5b859f64-4075-464e-91c0-76c0f55fd1c9,0.5656701518590863
5b859c41-debd-4646-abb6-2065cc94363f,1.3153338862698833
5b85a09a-5d87-404c-b1ac-1ccf05ed7d37,1.2580680071295633
5b859faa-7cf8-49e8-a420-1484124ace5b,1.0322695273829496
5b859f52-4d25-4ba8-ad8f-0ddcefc87fad,1.2027510152928462
5b85a0e9-227b-4c21-bef4-90c38d56a792,1.9949637931973923
5b859eff-f30e-488e-acfc-6ae82c87763d,1.9570875876026788
5b859f19-4b29-4eec-a8d2-62a10a7ea666,0.6333708409381398
5b859f7b-1984-46b2-b475-08eb68c443bb,0.9423625134221707
5b859c5e-629d-4602-a043-df4a8bbd5628,0.7575281066724064
5b85a0f9-5da5-4e36-972c-5c280d9f1b20,0.6561105816702079
5b85a067-0a1a-404c-81b5-46ca45bf30a6,0.6936906436554121
5b859f57-35ee-4470-82a0-a05b2c7ff582,0.5656701518590863
5b859e9c-0f0d-414f-869f-300b099431e7,0.6710474003129215
5b85a0b1-09ec-4abe-be10-6636b49d270d,0.8680424961767751
5b859b8f-cb98-4484-9232-cdf7d580d790,0.5656701518590863
5b859fb7-d546-42b9-9035-82c3639befed,1.628615137243531
5b859f5d-6da1-4bf0-a927-905bc70679e3,2.0162942863175712
5b859ff0-ea49-47e5-87cf-b836daa84a2a,0.5656701518590863
5b85a113-030b-4d38-a78b-e7fd6e13ab72,0.5656701518590863
5b859e61-b606-4958-80f7-9d84f8b27e6d,0.6519431135023953
5b85a00e-1153-4876-a67b-4dc6f255b3a7,1.4618175355609218
5b859e68-ce3b-4395-8569-62a559e05c99,1.3949081760323352
5b85a13d-545a-4d80-9d0d-82c12a71e11c,0.6967731213890216
5b85a07b-48d5-4bd4-9b53-7373c8411c9e,0.5656701518590863
5b859fb2-7d4c-4843-8666-2476f9da4c24,1.0071230628443906
5b859edd-ae13-4430-b950-7ee4bb4cdd78,0.7359479746320173
5b85a0a7-5a33-499d-8aad-be4c8c20644c,0.9168828720254083
5b859f4b-7c40-4771-ba6a-c14a14347cc6,0.5656701518590863
5b85a05f-8fac-4251-accd-c503b109d634,0.5656701518590863
5b85a142-fbbc-4df4-9ff5-ce9e6c6a21da,0.5849961793899939
5b859c03-f679-4445-b6f1-bf5163130670,0.704301690985648
5b859f6e-fc52-466c-ae3b-7af68240403e,0.7068632622448909
5b85a00e-a670-4483-b77a-66c64ac882cd,0.8122251774714749
5b85a008-672e-4894-9489-84fddf3f21aa,0.8017444299447357
5b859de6-1bc6-45e7-8a51-f27ed2791532,0.9232157301587091
5b85a03a-82bd-47bd-9b56-32f7137e4781,0.5656701518590863
5b85a0e4-43f0-4d0a-8f08-824a296e523c,0.7359479746320173
5b859e87-8978-4c39-aeea-1d1befc5da63,0.9638160585286171
5b859e16-2f8e-43f3-b84c-9a45d31ef086,0.5656701518590863
5b85a105-967f-459e-b40f-c37478316942,2.2626806074363452
5b85a2a4-af89-40bc-b366-814eb6bd580d,1.2599450745765943
5b85a08c-95d0-4383-9d8b-43e2da45632c,0.75639954053255
5b859cff-3655-44cc-852d-84da9bbb870d,0.5656701518590863
5b85a07b-9dfa-4d34-96c0-5c45387175f7,1.7636946935607722
5b85a068-a7fc-4055-847d-be77aac4b61f,1.6976026645620101
5b859fe3-f1a1-47c1-ae39-0feb827bf4b6,2.041661865923223
5b859fdc-468d-4e1b-af19-1e11061672cb,1
5b85a0a5-8695-46ad-b167-6e21f1e48d4f,2.2626806074363452
5b85a11e-f84d-4a59-8c16-5d6e8a80538b,0.9281648288785355
5b859fb9-5ca1-4eb8-9994-73dde349ebc1,0.5656701518590863
5b859ee2-3626-46fe-8fb1-08f7211a3d7d,1.374996517400551
5b859ee1-ba2c-46c2-aab8-466febc5effb,1.1994500201912983
5b859e3b-0da3-4202-8e7d-83e87f23bff2,0.6333708409381398
5b85a081-bb41-4588-ab09-bd1b66aa1ba0,0.5656701518590863
5b859ff1-64c6-4e75-969a-dbcc844d9ef3,0.9168828720254083
5b859efe-ebda-4ea8-bf53-ad95424bb5cf,1.296897340832444
5b85a138-cc23-4e09-a55c-8078352be33e,0.6094819913684169
5b85a1b4-d863-4891-a6d9-d19021c7542c,0.6797388284434503
5b859a3b-aaed-4b58-8bb3-0bcb04356958,1.0177760043420903
5b85a085-74b1-45c6-967b-eb2af51f5460,0.8789017016365731
5b859f5b-04c4-444e-a754-9927e36fddff,0.8272019184113433
5b859e67-7ea9-4766-bb57-5575f5a93d61,0.5656701518590863
5b859d99-b311-4620-998b-f863194a23cd,2.1015293214597097
5b85a0d9-fcbb-4164-9005-5289da775197,0.9168828720254083
5b85a100-9d18-4178-8feb-ea0c38f3496e,1.0043589759678593
5b85a0b2-040d-4cb4-b805-18bb982a5941,0.9437685407491698
5b85a07a-8711-4551-85fc-f8a123197785,0.704301690985648
5b85a011-9721-4d6d-b3eb-2ee6f659e794,1.141487585525811
5b859ac3-e594-48b6-9145-e5d81d682e4c,0.6061354466214564
5b85a11a-f4df-46eb-80b7-339453d89468,0.5849961793899939
5b859f78-8734-4765-aa18-f167f3579d57,0.8897163120721462
5b85a046-cf89-48a4-854f-85bb03f062b9,0.5943531190701359
5b85a1ce-0255-427d-bbf1-3d02aeca952e,0.9772020407187473
5b85a188-550a-4094-8a6d-4fdd9fdf9ac0,0.5656701518590863
5b85a1bd-32b0-48c4-b938-10b13e3ae0de,0.5656701518590863
5b85a004-22d0-462f-93ca-e2eaedb66a67,0.5656701518590863
5b859ee8-925f-4f21-b064-0a7bcbcb6b33,1.131863208537523
5b859bf4-1e94-44b4-8adf-79cbc1ba5de9,1.2027510152928462
5b859f2b-f91d-4524-acec-0fb67ebedc04,2.2626806074363452
5b85a1b4-86d8-42d3-b78b-b1bb6b0f68e0,0.7890868590091306
5b859f95-391d-433d-8157-182c37d1cd3d,0.7890868590091306
5b85a228-b3e9-4660-92a4-7d760566d8e4,0.9698966316062059
5b859fdc-03ca-495b-9768-f50147532398,0.8789017016365731
5b859fd1-efa4-43a4-be91-484cd980e0ad,2.2626806074363452
5b85a157-7361-47ec-9272-a5d19ca24375,0.75639954053255
5b85a1a0-4b76-4885-8ce8-bf7f44c996c8,1.6184048601536143
5b85a1a8-6885-4a8d-b7d3-dbc6f5ca296c,2.2626806074363452
5b85a32a-f6c6-41ad-ba80-9ef6151cb68b,2.2626806074363452
5b85a01e-6b43-4c4b-8c0e-2303177b4c22,1.117799846467379
5b85a0b1-e1ae-4ed3-bf5a-02bf4effc760,1.2694609800152816
5b85a1dd-4073-4342-8dde-de3498acda52,1.0949821783632114
5b859f6a-6bfc-4e57-bd63-b1cc31255a86,0.5656701518590863
5b85a0b0-ac0e-4221-b245-d0b61e89f8e5,0.6936906436554121
5b85a0fa-f0df-4788-8a7a-6e7ef0d5cc0c,0.9262394031699096
5b85a03d-ee05-4789-9bb5-375d86c50813,0.5656701518590863
5b859f2f-b30b-4867-8ebe-46d78d2a3533,0.5656701518590863
5b85a089-3ce6-491c-9bc4-21d3a392e53e,0.5943531190701359
5b85a145-abce-4575-b4d3-7b082348c627,0.6452917641284998
5b85a335-f9ed-4916-b71e-e67b78ed79c1,0.7890868590091306
5b859f35-45b2-457d-b98c-e25a3329a175,0.5656701518590863
5b859e7b-ae2a-4d5e-a7c7-618b530cac38,1.0322695273829496
5b85a123-553c-4d29-8a69-9ad0f7e49ded,0.5656701518590863
5b85a171-26f3-42ea-905f-4998e46a30dc,0.5656701518590863
5b859e45-2b0f-4d2e-8ff5-9f1ce6d2993b,0.8656601211121261
5b85a138-525c-44ce-8303-0f0f5bf14873,0.5656701518590863
5b85a034-b13e-4b96-a117-881fa23ca350,0.9302025067444805
5b85a279-5e49-4456-b862-45b57f3d5252,1.2512834795018757
5b859f22-b1c6-474f-8963-ee53e8a00741,0.7843639407120553
5b85a08a-efd3-4446-ba16-5913d373b2dc,2.2626806074363452
5b85a0b1-3013-4bd5-90f6-8b6ae33675df,0.75639954053255
5b85a21e-1a65-49f8-8829-91e824de0032,0.7144505793832316
5b859fff-381f-4744-8a69-763776355479,1.286055919162541
5b85a00a-6ab1-430d-8739-1b0d52858d2d,0.6955997431411335
5b859f14-6f0e-4c6e-acc7-c0202d443939,0.7623705142466202
5b85a2cb-3b6e-48ca-90f7-bc51bacb12c9,0.7890868590091306
5b85a1cd-686b-4007-9aed-524ab4206afb,0.729251951083797
5b85a0de-1783-411e-8e8a-66fa8865a175,0.5656701518590863
5b85a03e-fc75-40fe-8277-748a4798294c,0.5656701518590863
5b859f65-d7b8-4345-9e93-86b9da78cd9f,0.5656701518590863
5b859f78-6f1a-470a-907f-4763f6270a54,0.5865971465029778
5b85a127-2db9-4fda-bd85-127daeaddcfb,0.6561105816702079
5b859ba8-b5f8-4a7b-b14c-b8d9a658e7b0,1
5b85a38b-573d-465f-81b6-816664e00b34,2.2626806074363452
5b85a3bd-1162-44c2-a416-e3869d8df576,0.5656701518590863
5b859ef2-604b-4d3d-ab74-92fd7c3b09d5,1.101843779004338
5b85a24c-201d-4159-b6f9-34cdbd6e9bbe,0.9100372595050336
5b85a05f-1738-481e-9e4a-24cda78d5988,0.6797388284434503
5b85a15c-6be2-4dbf-8396-69409f91883f,2.2626806074363452
5b85a087-f72f-4944-8303-4687ffd0af39,1
5b85a1ad-5555-4109-ad19-5f2a4e8c7929,0.6343158453263656
5b85a00f-47af-4517-92ac-c54408dced74,2.2626806074363452
5b85a0e1-9d98-4522-8280-52f97f6d22e7,1.1002486618836977
5b859e35-8bdc-4e93-9eac-2f00d24e50b6,0.6628060051304293
5b85a12a-3b9b-45bd-bb97-cd598f4248c7,2.2626806074363452
5b85a1d0-31bc-4e06-a144-c75ed57e0120,0.5656701518590863
5b85a162-a0e4-46d3-ae1f-02094ace6ce5,0.5656701518590863
5b859c2e-63f6-4376-aaa2-c8b73b9991f6,0.7890868590091306
5b85a047-6dd4-4342-9cf8-2c0f88f02449,0.6070398151523285
5b85a269-be83-48f0-8d44-2b30e2533c37,1.3161841080983923
5b85a02f-2d4c-4af5-a69b-e91fb9a50f5d,0.5656701518590863
5b85a250-422b-436d-b926-09dfbaf5ffb7,1.9841656266095968
5b85a1d2-9b7f-4c37-b23b-54c1e1d046c5,0.5656701518590863
5b85a179-7a13-4b79-9f5b-669ebb24c319,1.1846303035110795
5b85a157-a67a-434e-a5a9-215d9005b630,2.2626806074363452
5b85a248-6e26-463e-9c96-cb8833efbb3d,0.5656701518590863
5b85a15c-a1dd-4bf2-ba83-812354fbe406,0.6333708409381398
5b85a2c6-3936-4070-8d14-2db1ef2265a7,2.1229748355458065
5b859a02-ae25-49cc-ada1-842eca35da77,0.6070398151523285
5b859a22-a155-449a-9c41-586c0ff510a2,0.5858690076303974
5b85a22f-8597-490d-81c6-80562e515bd6,0.689242612921685
5b85a374-6cb2-497c-883c-7867903056b3,1
5b85a07b-c79c-4a15-ba10-65e6daf36170,0.5656701518590863
5b85a175-3a69-4cdc-9d25-523f5d543248,0.9772020407187473
5b85a267-5905-4738-98f3-d9702b6e01f0,0.5656701518590863
5b85a21f-bc97-4a0a-8aac-5834ca0f6a34,0.9849973657865915
5b85a05c-6b3d-4c33-94c0-7fbb949c7e31,0.5656701518590863
5b85a16c-da14-4be9-a208-207e23977e22,0.9168828720254083
5b85a3c3-fc71-498b-853a-bb8d6b80d1d3,1
5b859960-5d44-4a99-90ba-f10daca6933b,0.6797388284434503
5b85a3ed-423a-4216-90be-145a39f95eb7,0.5849961793899939
5b85a25f-d4f4-4bb1-943e-d0451b61b0f6,0.9302025067444805
5b85a1e3-1777-4a23-b1e9-a4c0826d372d,0.6519431135023953
5b85a364-4349-47eb-b345-07e116dbb2da,0.5656701518590863
5b85a1ed-2257-41e3-9220-307eb8d619e8,0.5656701518590863
5b85a23a-3466-45f6-95db-bb288da1c18c,0.5656701518590863
5b85a357-77fe-4ea3-91a0-e2c497fe210e,1.374996517400551
5b85a0f5-115b-45d0-9a55-42a1a5c86b24,0.5656701518590863
5b85a05e-3e82-4afe-9f9c-494e9c083bc2,0.9168828720254083
5b85a215-aaad-49cd-a5f5-d9f299458956,0.5656701518590863
5b85a33d-47f6-42eb-b79c-86cfb3c76690,0.75639954053255
5b85a07f-21e2-4313-b37d-29e362e0c21d,1.3234712253021494
5b85a06d-4fbc-4512-82ea-e7a0bc7609b6,0.9849973657865915
5b85a061-d95d-48a2-8b04-a9d754d0cb22,1.3234712253021494
5b85a2e6-199d-49f0-a3e4-76d9ef28b5fd,0.8017444299447357
5b85a25e-e1e2-467d-95cf-ba5e66b2f99c,0.5656701518590863
5b859f63-970e-4861-906c-58475a2047c5,0.5656701518590863
5b859e62-0866-45ff-944e-706315b86878,0.75639954053255
5b85a1e3-d731-4574-a96a-6190c976f318,0.5656701518590863
5b85a2e0-f23c-4e55-a786-d6463c44892b,0.8008217389592722
5b85a16d-459f-4079-9ec5-72cc4300defb,0.75639954053255
5b85a0e6-fa2d-4488-8a2d-77b4ca9cd1b5,0.5656701518590863
5b85a394-91b0-4912-825d-0089bf2936e2,0.75639954053255
5b85a14c-51e6-441f-863e-25ccef1350f2,0.7575281066724064
5b85a306-f66a-4e65-955d-6bd18b5bc800,0.7957225055032343
5b859dc4-e9c4-4ca5-935a-2d60c75805ec,0.7217606789145794
5b85a253-ceb0-4b22-a42a-ab33a908b5d8,1
5b85a377-8ae3-4a48-a3c8-a521dcdcaee8,0.5656701518590863
5b85a19a-96a1-4e56-8fb3-674c1e421e9d,0.8643704597877393
5b85a568-a0e1-45f7-b95a-f799c06f0615,2.2626806074363452
5b85a379-6bc1-49d8-96d5-1b0a55d462df,1
5b85a2cf-dc38-4a7a-9547-32108b4498ee,1.0949821783632114
5b85a322-863e-4304-9c8a-7d1a2c46dcaf,0.5656701518590863
5b85a487-5c39-4748-90d6-331b89caa8a0,0.6967731213890216
5b85a1e0-35b3-467d-a24e-9591c5c0f7d6,1.7803784649596839
5b85a2b5-9111-42e0-9ecf-6e5b8688248f,0.6519431135023953
5b85a32f-f118-4946-b498-964e4d3f609a,2.2626806074363452
5b859ae0-8b40-4bda-b374-8a9c419ee56b,0.7068632622448909
5b85a190-7d59-43bb-95ae-f2c98bc67342,0.6343158453263656
5b85a316-d1db-413e-92c9-09ffe826265b,0.6870568110481212
5b85a302-f70f-4695-bf92-7663c300f4da,1.724197614862327
5b859fa6-fb1e-41b1-baaf-6017a0c16990,1.224052305934072
5b85a2d2-2d1a-4def-8fec-34a06dc898b6,0.7575281066724064
5b85a3bb-bfbf-4334-8fae-41b644a461de,0.8133546858231827
5b85a175-1209-4608-9d4e-06ebedcadf87,0.5656701518590863
5b85a507-8068-424d-97d9-7b615f260551,1.724197614862327
5b859a25-9444-4e49-b795-33555f9348ee,0.5656701518590863
5b85a5d3-7f5a-4b8f-ac3e-3e9bea7a2169,1.5355220509172822
5b85a2ed-efca-44a1-93eb-0900d897045f,0.7217606789145794
5b85a4a3-9a8c-4b86-8569-c313a8831ac2,1.4618175355609218
5b85a0f0-b07f-4bf4-9a1a-40713541d2d9,0.5656701518590863
5b859f57-e472-4c05-b6cb-e989e62f114a,0.5656701518590863
5b85a214-4e5e-44f8-a440-069bc3156e03,0.5656701518590863
5b85a3dc-feeb-417b-8830-3f0edbaf7b3a,0.7890868590091306
5b85a3d8-2a9d-42f6-aca9-6e038e961e92,1.0814532064343572
5b85a117-3144-458b-8c10-5722c0e4723e,0.6578470631880015
5b85a4ea-43eb-40c5-b25a-3c16dff4683a,1.055014484618271
5b85a331-bad1-4dfc-a894-f5a88ed5c0fc,1.6750794212735787
5b859ad4-c144-4466-a8d4-661cf155f850,0.6070398151523285
5b85a4b7-f229-44cd-8729-2db192427fbc,1.0600887374297847
5b85a4eb-1505-4b8a-bc58-82387fa5fedd,0.5656701518590863
5b859f57-e482-49ca-8058-6518536de146,2.2626806074363452
5b85a29d-1572-43a5-9c46-c474acc384ce,1
5b85a2a5-260a-4073-b60f-3cd0b2bc4227,0.8919722601421756
5b85a360-814e-48ac-a8df-25d162940acb,1
5b85a1b5-177f-4ad4-98f6-2ae17c9a20f1,0.5656701518590863
5b85a45c-f13c-4242-9fd2-8db983ce3c7d,1.2918958417508815
5b85a270-c518-4ed4-9231-bf6550ecd9db,0.729251951083797
5b85a5b2-4ec4-4d85-8939-ddcb1e0f5f79,0.6797388284434503
5b85a5dc-9f85-40d9-af25-be0e3498b3dd,0.5656701518590863
5b859b24-33e3-4f11-86a3-d27dee95d0d9,1.2027510152928462
5b859f13-09b7-4959-b93d-543c5cee3120,0.5656701518590863
5b85a3ee-566f-4d90-962b-acbae72917b4,2.2626806074363452
5b85a502-e1e9-41f9-b0d9-7b73308d780b,0.6343158453263656
5b8597fd-b0c1-4200-a87a-9693e9811b39,0.5656701518590863
5b85a403-8d25-4d11-acb8-049ecabf1e84,1.2599260237155374
5b85a414-b8c6-43d4-8bf0-712c1fa0a2c7,0.7743022406442179
5b85a234-92e4-4091-af4e-9b432185dff1,1.0071230628443906
5b85a548-3459-4621-9d26-30faa503e829,1.7803784649596839
5b85a5cd-a22f-43bc-927f-d6bed079dd83,0.9168828720254083
5b85a47c-786d-4d3a-b833-36b9045c0815,0.5656701518590863
5b85a428-79b3-492e-952e-787a1c04a25f,1.030468579898276
5b85a59b-4754-4ee6-960c-34862bc8cd52,0.704301690985648
5b859fd3-15c2-41c1-ac37-a6131c5b56f0,0.5656701518590863
5b85a364-9048-4b6e-9ec5-32fbc08a3fea,1.2915193684047324
5b85a34e-e7c9-4f66-a35f-97877d0b6ee7,0.5656701518590863
5b85a48c-3c03-40c0-a91f-56bb0f83a9d9,1
5b85a4f4-ce2c-423f-88e0-567f7c1e43c0,0.9411225388510357
5b85a438-b7f1-4a15-af45-a012bb8f28b6,0.790264195407109
5b85a4e7-60f5-42a0-9db9-890c9d70a99c,1.0338096981173077
5b85a2fc-cb5f-4cbb-a602-906e8c176279,0.6519431135023953
5b85a3be-6738-4a20-b48e-c1db8df4dea3,0.6061354466214564
5b85a56c-53c4-4451-8a98-880c6bdc402b,1.5682983600884535
5b85a323-d125-4bdf-8c3a-59c09929e695,1.0261554416476797
5b85a4fb-d2dd-4823-913c-56801115bd35,0.6333708409381398
5b85a5cc-2f39-477c-b775-e9fe2e219577,1.0534427229715269
5b85a57b-51cb-4341-a00c-96e9b8a9bc68,1.374996517400551
5b85a62d-71a6-47bd-a71a-7b1c7da193ac,0.5656701518590863
5b85a2a5-6909-4b2d-aa38-943271d23273,1.296897340832444
5b85a509-d5a0-4470-877c-fdaf00c2e38d,0.5656701518590863
5b85a43d-d206-4cd9-bc9c-3a642c774a7b,0.5897467282696448
5b85a4b2-ab55-4e76-9a3a-2a78e2b000c8,0.5656701518590863
5b85a774-6793-41c3-a671-8e7b5529e25b,1.055014484618271
5b85a412-8893-438c-8570-302fd4410ceb,0.7394876284792871
5b85a5fd-c74e-4d87-b422-498c5236cd59,1.133690362247241
5b85a345-c9e8-4d7d-8e78-0a7e8cdffbcc,0.5656701518590863
5b85a5f6-a8e8-43aa-8574-6a9b87436bee,0.5858690076303974
5b85a3e0-656f-4b0c-8ae1-37fc26075a0f,0.5656701518590863
5b85a4ef-9542-4c7a-b720-4d239138758e,1.2318996502867532
5b85a458-60c3-4315-a83b-2e5200a05936,0.5656701518590863
5b85a527-4260-4871-9e1c-60533d2b2142,0.5656701518590863
5b85a58f-1360-451e-9e39-390142d14fec,1.3336019321484323
5b85a4e0-9a35-404a-96b0-0d331b15014d,0.6797388284434503
5b85a4f8-9beb-4e16-9949-ab0c97a409ee,1.0338096981173077
5b85a5b2-3e1c-4318-8e81-69d4ece1f033,0.8070509760888522
5b85a65d-9964-4527-933c-237d72c2068e,2.2626806074363452
5b859ffc-f5f8-4372-812e-73da698bd5e8,0.5656701518590863
5b85a513-6484-4589-ae06-d3d7a7fa8bb3,0.9100372595050336
5b85a100-8667-4ab4-b910-2cec2c7b36e1,0.5656701518590863
5b85a7b9-2fe4-4963-b09f-305a91c89dd0,2.2626806074363452
5b85a52f-39bc-4bae-8811-d2c9ed786a25,0.75639954053255
5b859b9d-1386-442c-8e2e-0ce780926726,0.5656701518590863
5b85a251-61e9-4395-a241-8df349328c35,1.4124579178722034
5b85a359-70f9-40a1-b960-0420f801be96,2.2626806074363452
5b85a577-1730-4831-8f15-36d6018eb05e,1.6868198708321083
5b85a629-c11e-4d59-a012-21e0580e3108,1.2599450745765943
5b85a332-2f24-45a3-8fa3-1ed0d35b2c20,1
5b85a363-db43-4e60-9597-b2c4b12db19b,0.6070398151523285
5b85a5c2-cce8-4366-a3d5-4d88447e72cc,0.6343158453263656
5b85a4f6-56af-4cea-aaee-8c22b732a3c0,1.4124579178722034
5b85a595-54dd-47f6-a1ed-4a850a939e0d,0.5656701518590863
5b85a867-f468-4cd7-b9ac-1362898fa254,0.5943531190701359
5b85a4e5-606e-4fa2-85c0-efe3a0a74fb6,0.790264195407109
5b85a65e-2acc-4bd8-b2dd-4530cc346833,1.133690362247241
5b85a5ff-63e4-4b36-9a0e-b25402591e0f,1.4124579178722034
5b85a3a7-57dd-44aa-b3b9-ba66d21182a2,2.2626806074363452
5b85a730-e477-4f33-9ee6-d53e4d899b18,0.5656701518590863
5b85a271-1b2c-4910-98ec-2e9449d0af56,0.5656701518590863
5b85a5f8-efe2-442c-8326-2c781c5b0a89,0.5656701518590863
5b85a5ee-8795-44cf-bd6e-0860ef753200,0.5656701518590863
5b85a0b5-8a56-4ca0-bf13-8728639d785e,0.8656601211121261
5b85a2c8-e2bd-450e-9feb-36e48e7793c4,1
5b85a430-1f35-4bb0-97cd-c82b09319836,0.5656701518590863
5b85a5f3-646a-4d14-acaa-4f6f28f1e00b,2.2626806074363452
5b85a7dd-9517-4a9c-8636-a6aedc90bc6e,0.5656701518590863
5b85a2dd-46a3-46e4-8aa1-ae510916e25c,0.6343158453263656
5b85a5b1-779b-497e-979d-bfd44f68d8d5,1.0366548360488352
5b85a7ac-1830-4abf-b5c0-a2643d755d72,1.055014484618271
5b85a75e-d556-436c-86e7-89d0ed935473,1.055014484618271
5b85a8a0-a394-4723-82ed-2c4a3553ac9d,0.6005509176318614
5b85a5f5-d783-492b-85f6-deb94adb6a18,0.5656701518590863
5b85a2da-57a1-450a-b2af-1a08ef82f203,1.117799846467379
5b85a58a-f4fe-4799-a07c-da227fce8b9d,0.5656701518590863
5b85a02c-d359-43a4-b6af-f5a577339a58,0.5656701518590863
5b85a68c-713a-4744-8091-b17cb4d490b6,0.7575281066724064
5b85a57a-19f7-4122-bd03-bf077f630689,0.9411225388510357
5b85a74e-71fa-470d-9766-481f82c0826e,0.6022933863584882
5b85a817-3d5f-4a60-a30f-d2a211141489,0.6070398151523285
5b85a933-151a-46de-9509-ac2bd6f53b3a,0.5945817398126119
5b8597b9-3b55-49fa-9f19-da52563f5f40,0.6658679091709923
5b85a217-50a2-4316-be99-7bdeba4a1195,0.5656701518590863
5b85a9f6-8825-4406-bee9-b3c203828d9b,2.2626806074363452
5b85a5f3-f68f-43c5-8215-2fa413268237,1.9841656266095968
5b859c20-0372-4beb-a699-3d4dbd157e20,0.5656701518590863
5b85a827-7c7e-46d7-b00f-99b1ba1f6aa3,1.131863208537523
5b85a510-f126-452b-ad25-b4848cf9dcb9,2.2626806074363452
5b85a620-841d-4009-b15e-2858417ec1da,1.2991797571448502
5b85a511-195b-42ae-afe9-5c7c2db96112,1.4631690096550145
5b85a5e3-6ffc-4d35-81cd-f2893c98e111,2.1595303417359264
5b85a607-65fd-4ac4-8d85-c64889e3f46b,1.374996517400551
5b85a14e-93b3-4d59-8b1a-7023f17b8b85,1.1084555914546221
5b85a633-0755-4e5a-bb6a-a047d3809a39,0.5656701518590863
5b859a0c-1f8d-43fc-9029-620635b9f05a,0.5656701518590863
5b85a7ee-d6f0-454a-904f-cea6d14be310,1.296897340832444
5b85a5c3-caae-4299-9335-fdc77a0ba526,0.6037978785008878
5b85a578-ab55-41df-acb2-227638509d95,2.2626806074363452
5b85a6e1-82de-44fa-bf57-fb6e289042ad,0.921292759812766
5b85a811-2ba8-47e8-9932-68066f16d72b,0.6797388284434503
5b85a5b3-c184-4ea5-b751-f94d67cee11e,0.7893207045203399
5b85a710-53c6-4c2f-b508-f2f010eaa032,1.101843779004338
5b85a8ef-77e1-4726-b28e-4271b1d97a20,0.9781494181730227
5b85a6d0-b13d-40e2-8314-0e3d293e435b,1
5b85a85a-ed5b-41f8-b5f8-d2f44ccd6c39,0.5656701518590863
5b85a01c-68f5-441a-8ce6-dbd95de0fd1d,0.5656701518590863
5b85a85a-5bdb-49e6-a893-c8b4138420ca,1.2580680071295633
5b85a087-870a-4d6d-ad7b-ba9b9fec3733,0.8789017016365731
5b85a87e-7bab-4316-b4dd-adf28ae97d2f,2.2626806074363452
5b85a8d6-e388-48b3-8ddd-a6441ed34eec,2.2626806074363452
5b85a58f-b63b-4fe5-8671-80f85036b2c6,1
5b85a964-b565-4c67-9060-926fa0682583,1.0949821783632114
5b85a9de-fa7e-49ea-9633-efdcbe16cb54,1
5b85a96a-f6d6-43b7-956b-3d0fa88e227b,0.5656701518590863
5b85a871-bee2-4c26-8338-13b2d559970c,2.000454114259757
5b85a8ce-66bb-41d6-9174-a3ff2458ca0e,2.2626806074363452
5b859972-4cfe-47ba-ba08-c79bfb6edd4b,1.4437561563033403
5b85a645-ca9c-46e2-a21c-886ad39b4416,0.5656701518590863
5b85a95d-0a18-49b2-9058-fc8ff2309f07,0.5985171278501468
5b85a11e-209f-40f0-9bf6-91deab96f88a,0.8223024388516114
5b85a58a-51b8-4f01-82e6-75ab5d3d0758,1.2599450745765943
5b85a87a-282f-4ead-8a01-a0acc075bc23,1.2580680071295633
5b85a84b-7024-40b4-b661-11a517e37ec0,0.5656701518590863
5b85a7e9-1363-410a-9412-de2e7b669b79,0.9168828720254083
5b85a6be-02ad-4a67-9f04-dcea4081df97,0.5656701518590863
5b85a6e3-4b08-4f11-9970-f7efed127bd7,0.5656701518590863
5b85a96d-3e80-40ab-b116-df4f5860ac80,1
5b85abaa-9fe5-423c-b48b-883b69c22684,0.6797388284434503
5b85ab43-61de-48be-9a03-b07a4cd0f66f,0.9302025067444805
5b85ab4f-d073-44ae-a980-399c813f5e80,0.9437685407491698
5b85aa55-ab1b-4526-bade-48257e11ca11,0.5656701518590863
5b85a43c-9164-4ba4-9b1f-6669a7cf5719,0.5656701518590863
5b859a96-1c1b-4152-9135-a7f2d2928d46,0.8284361233862512
5b85a8d0-d517-491a-85e6-593cd7806f02,1
5b85a7e2-be6d-45ce-a5fe-da11247e6aec,1.055014484618271
5b85aa33-e9be-4f1f-952b-6c24563c9017,1.131863208537523
5b85a8c5-9859-4b57-82f1-f9cbc0eba908,1.131863208537523
5b85aad9-aef5-42bb-af82-08bef838809c,0.6092476413773857
5b85a36b-4f32-4e44-8032-a216e352dceb,0.5656701518590863
5b85aa63-2944-4e1d-b9d5-e31c763e4fb4,0.5656701518590863
5b85a85d-7c55-4875-97fd-78fc29d9a962,1
5b85a3e0-444f-4ee2-8ca2-390c225f18a7,0.8783798322166954
5b85a2ee-d367-4b2d-9718-55b01dcc6f07,1.3927963960972336
5b85a8ec-8690-46d9-9896-d06429dd3000,1.117799846467379
5b85a607-24b4-4de6-b5f7-1b9b7dc60eb6,0.5656701518590863
5b859929-ff39-4c1e-9b22-6a3884a2e5d1,1.6750794212735787
5b85a9e7-c5d5-4d81-9c1d-04344d8203a5,1.7130433119671566
5b85a9f8-8ea2-46fd-8b2e-7c35f82828b3,0.5656701518590863
5b85a2d9-2248-41a9-bd85-b9e974aa5d7c,1.7130433119671566
5b85a617-dc80-4314-b706-917381970505,1.3045792955679907
5b85a659-49eb-4460-93e5-a3c97258bb33,1.1002486618836977
5b85a894-6cd6-402f-9d40-7a5165678ea1,0.790264195407109
5b85ab4a-f702-4aa6-99c0-0b00445939c9,1
5b85a8d2-95d9-404d-8d3a-c567a9c8de87,0.8284361233862512
5b85a9f0-2063-4405-b505-5733a0a557a1,0.7015855436471494
5b85abb0-b01a-4081-9044-bde955d87799,0.5656701518590863
5b85ac3d-69c6-4af2-b88d-8d12db015abf,1.724197614862327
5b85ab20-e4a2-496d-951e-2bc1bd2b77a1,0.5656701518590863
5b85a89d-ba02-4f7d-b425-6e436a43f9aa,0.6881028020412491
5b85ab06-0194-4d8b-a4b1-e65314ad600a,0.899207589407527
5b85acb4-3438-4f93-9540-ac0930492dc9,2.2626806074363452
5b85a96b-896c-4798-ac92-00c2a183fd16,0.5858690076303974
5b85aac8-538e-4bfa-b381-30b5f60033ab,1.2915193684047324
5b85ab0d-ef16-448b-9c5d-b93a4a0a6528,0.8190530088307734
5b85ac0e-ddda-4665-9e10-290626e3d510,0.5656701518590863
5b85a820-7355-4274-8b46-84d181cd861a,2.2626806074363452
5b85aae7-80bf-4dce-9c32-039935fe5231,1.131863208537523
5b85ac53-a568-4511-85ef-f2d87dc0cb13,0.5858690076303974
5b85ab48-ed3e-4f89-a040-0ec9d290c2cd,0.8897163120721462
5b85acc5-6328-4508-8587-d2a830036ab2,1.7130433119671566
5b85ad27-03dc-4ef8-8442-0f22b2e9ad7c,0.9079655551178172
5b85accf-21fa-4db9-9f22-38f4c8ce30e5,0.5656701518590863
5b85abcc-46ac-4f4e-bc3c-60e190c99663,1.131863208537523
5b85ab94-d321-4bcb-8bce-bd777af0d380,0.9947541912051715
5b85ac98-56c8-49fe-b5ab-4d6a6a3ab35b,1.055014484618271
5b85ac47-d549-4bbe-8883-bf7625b7978a,0.6749700589665263
5b85a97c-4088-4625-b8a1-3be61420786d,1.0843327231377473
5b85ab91-0b9a-48ce-b9a2-0462a038bd3f,0.830716054637415
5b85ab90-a2c4-481d-a941-4885e3533530,0.5656701518590863
5b85ac95-138d-4184-882a-6c12bdc4f28a,0.8122251774714749
5b85ab9d-7f82-47ed-b2f7-fd8ce310d804,1.1897520541866762
5b85ab55-185a-4356-92ea-523767756b61,0.5656701518590863
5b85ab3c-a8b6-4980-9f42-18ef46d4661b,0.8284361233862512
5b85ab4a-4a1f-48a2-a8d2-c1a1623eb140,0.5943531190701359
5b85abf1-4f4f-40ac-87b1-a2d88bb95220,0.5656701518590863
5b85ad3f-e4b1-4c5a-b10a-878c16c890a8,1.055014484618271
5b85aca9-a424-4dff-a261-8eb3fb1ce611,1.055014484618271
5b85acf1-9bad-4a84-a66a-5af17404844f,0.9437685407491698
5b85abca-fc7d-4d91-8c06-1284d50e29c0,1.055014484618271
5b85abfb-dc63-447a-916e-4cd1fa6a38b9,1.482255971947274
5b85ac14-fe0a-48ec-8bda-56f5b273aead,1
5b85abc5-c7f8-498a-9641-b6297ffc795c,0.5970033772327927
5b85ab1c-be98-4043-b9ff-dbc257a672e3,0.9305182662899513
5b85ac4a-2847-4a8b-b20f-1b6401da9de2,1.2774316882990178
5b85ab8a-406c-44ec-b5df-50e3805e686f,0.9772020407187473
5b85ad81-13fe-45dc-8d8e-722bf47cdab0,2.2626806074363452
5b85a6c1-9dd4-4496-81eb-fcaa436db6fc,2.2626806074363452
5b85abdf-09b7-48c2-93d4-4228dcb10aa0,0.5656701518590863
5b85aba1-7d46-46dc-af36-cc367ff612b3,0.5783778387275049
5b85acbd-2ef7-479a-9a77-5cd2fa1a1961,1.6387664781985174
5b85acc5-e4ba-444e-ae5e-ef76fe23208e,0.5656701518590863
5b85aba6-0eac-4637-bf22-8aef2764f045,0.5656701518590863
5b85ab9b-dd61-4f47-8458-dc83e659ff61,2.2626806074363452
5b85ab31-1f45-434f-917a-17c90fb8902f,1.3132139801033957
5b85acfe-6f15-44c9-8146-d6054b99a24b,1.4984507645184895
5b85aa35-63f0-4975-a765-d00f0b51d253,0.5656701518590863
5b85ad1a-6b75-457f-a544-00af6adba470,0.7890868590091306
5b85abab-3edd-48f5-8fe7-fddc5ccd0310,1.0843327231377473
5b85ac51-92ab-4aee-8146-749a8e3e6b37,0.5656701518590863
5b85acd5-aad8-4ac8-a814-085b4cf5ba21,0.6710474003129215
5b85ac5e-c976-4610-88e7-22b31b8a6ccd,0.5897467282696448
5b85abf5-b407-4ef4-986b-0afdc538838a,0.9437685407491698
5b85ac05-070d-4ce1-86ea-f4a90f5d2ab4,0.8272019184113433
5b85ac74-9b53-4271-91b6-5c6f736ec016,0.9168828720254083
5b85ac7c-5048-47aa-8b11-388149419557,1.0534427229715269
5b85acef-c561-451d-8537-ab2d272ddc0e,1.2599450745765943
5b85abd8-3615-4b8e-b2c3-1dd00b22a55f,1.0071230628443906
5b85abc5-40b7-4d87-b1c3-d57fc71cde9a,0.5656701518590863
5b85a8f5-7be2-4cb9-8012-9587f10d5348,0.5656701518590863
5b85ace9-7442-4e3f-8e6e-f57067127e44,1.2580680071295633
5b85ac70-2135-4c4e-8067-87d6ae696de3,2.2626806074363452
5b85a58c-7232-4507-8e7c-d9e7f3244bc6,0.6710474003129215
5b85ad7d-d746-41ff-b72d-4596b2336365,0.5656701518590863
5b85ad86-4589-41e5-b8d5-4712a7e2dc34,1.2599450745765943
5b85ac70-3098-40ef-b294-33f2098cf0be,0.5656701518590863
5b85ab2f-3cbb-423a-9130-cf214a763a04,1.278384740809856
5b85ac93-ab15-4d76-94ce-c1d96bbb001e,1.0830382934880711
5b85ac97-481c-41ba-a5d7-f1af503535a4,0.9563768273576596
5b85acfe-2e01-4546-a1cd-5f23e294bc8e,0.5656701518590863
5b85abc5-4f81-4c83-815f-2ef5eb2cba6f,1.1337725014629136
5b85abab-936c-41ce-8c0f-73575e6799f0,0.5656701518590863
5b85ad03-321e-4371-9779-543b3c744c3b,0.8122251774714749
5b85ad25-82bf-4169-9128-249285728487,1.4437561563033403
5b85ab92-bca2-493e-a244-7cf6ae69ce6a,0.5897467282696448
5b85acd4-e6ef-4ab3-9c7e-90e81b149442,2.2626806074363452
5b85ab99-f37c-4f53-902c-79ae748c5ef0,2.2626806074363452
5b85a306-1b1f-4533-9ca0-e89d101529bd,1.0071230628443906
5b85ab59-c8cd-49f9-bb26-430581416b0e,1.2580680071295633
5b85ac66-598f-4445-a137-b6f780e13afa,0.5656701518590863
5b85ac86-746c-45a0-965b-e674800a43d8,0.704301690985648
5b85ad0d-2ff1-47aa-9cfb-685f8565195d,0.5656701518590863
5b85ac76-64ab-42e6-ba89-576c6730e44c,0.5897467282696448
5b85aba5-03eb-4f62-b3ec-1c309dae7369,1.224052305934072
5b85acb8-87b3-42ad-9ada-82f2b7bfa31e,1.2580680071295633
5b85a551-22d0-4052-aa05-a56773539a70,0.6119266189797705
5b85aa69-39fe-4e33-ace6-ae114d3dc6d3,0.6710474003129215
5b85ac39-71f3-4b9c-bbce-6509dc88e5da,0.5656701518590863
5b85abf1-ac9e-41b3-b183-85d7cd53ca71,0.6333708409381398
5b85aba1-77d4-4d0f-8a21-882d723af448,1.3626028807305564
5b85ac17-7bcb-4c60-9633-a9055cdfaef6,0.5656701518590863
5b85ac48-531b-42de-a0b1-476a68daf0a8,1
5b85ac44-fb89-414d-a155-4427e6d36443,0.704301690985648
5b85ac20-5561-44e4-be41-e0e887082e84,0.5656701518590863
5b85ad04-ac1c-4a62-b549-f0be39be8114,0.9508964801895415
5b85abdb-a265-4940-8719-d0a5a08ba1b3,0.75639954053255
5b85ab70-a3c2-46bc-9eba-803e476fb0ea,2.2626806074363452
5b85ad64-9d67-4ab3-95c3-f85c6d0dc5aa,0.5656701518590863
5b85acc0-22c2-45b4-93a1-280aeb6d8b00,0.9168828720254083
5b85ab82-acca-4180-9b26-4e4d117921cb,1.51360319530744
5b85a653-d3f5-43eb-977f-3dd1686f4232,0.8789017016365731
5b85ad97-a8fa-40d5-8095-3968419cc957,1.7113333384976466
5b85abcb-1632-47fe-97f4-a073bf7a0a17,0.6343158453263656
5b85ad06-3e3f-4df0-bcaf-122f36298c56,0.5656701518590863
5b85acf0-86ad-439c-90f5-928174e22268,2.2626806074363452
5b85acae-97f1-4429-b270-fcb49384cc9c,1.1337725014629136
5b85adba-c7c1-4e8d-aff0-d6e6591e5e0f,0.698181998475105
5b85ab90-85b0-46ad-8b43-77800627020c,0.5656701518590863
5b85a611-9a32-47f0-bc47-b6093b4e5a4d,1.9570875876026788
5b85ac42-21be-4b5d-b5ff-ce5534b4c872,1.0705000874733481
5b85ad0e-8646-4373-8568-8300c43db728,1.6750794212735787
5b85ac1f-8b47-4ea4-813d-e4107af43177,0.5656701518590863
5b85ac36-ac2d-4e2d-85ef-a1379695f2fd,0.5656701518590863
5b85ad34-eafa-4a56-b0ad-bb95a22882a8,1.7169038286576783
5b85ac91-e957-49bd-8a4f-871ebce52deb,2.2626806074363452
5b85acb9-97b3-4583-97f3-7218ec7bbca1,0.5656701518590863
5b85a4bc-9934-458f-b300-83af05bf1445,0.5656701518590863
5b85ac53-1326-4932-80ee-8566da1e0490,0.8789017016365731
5b85abdf-0419-4892-be57-e56a4bdcc64c,0.6333708409381398
5b859db1-f867-4d2c-bab1-507fae729ff2,1.1337725014629136
5b85acb2-f0f7-4c81-b0e5-97d14b165833,0.704301690985648
5b85ad43-2b9b-4f56-a565-dd4e8ad403f9,0.8374035013155232
5b85ac85-7032-4f13-b798-bd0cf3de519d,0.8789017016365731
5b85ad12-5603-49b6-88f8-fec81b410368,1.4781002367792218
5b85acbb-f4cb-42ea-8850-53b029520bb5,0.9436729952426928
5b85ac98-3fa3-46b9-9531-270d5277575e,0.8680424961767751
5b85acf9-e977-413f-b02e-6b7d220c3cd7,1.0534427229715269
5b85ad88-d80d-4a09-9395-a1ec50cd9bc0,2.2626806074363452
5b85acea-4f2f-4233-9c72-4fc18e9d71a2,1.1953773135580392
5b859f7c-3642-43f7-9605-aa336ca4cd8f,1.101843779004338
5b85ad70-81df-4e51-8138-c05bbd035326,1.101843779004338
5b85ad3c-e3da-4381-95e6-dbb5de0a1f1b,1.0768783894817808
5b85abb9-1bff-4994-acf8-da81edc7c2f4,0.75639954053255
5b85ad0b-a9ea-419c-99ec-eaceffeccbb1,0.9423625134221707
5b85ab40-0774-4efc-b385-3d218f8bc1d4,0.5656701518590863
5b85ae03-05bb-48eb-bb26-5a65e17da7c3,0.9437685407491698
5b85ae73-1384-4f43-bcf0-44e49234ef63,1
5b85ab48-90d2-4c40-80a3-db5937e3ffa1,1.6184048601536143
5b85ad48-80b4-47cf-a715-e679b5e5dc4f,0.75639954053255
5b85acc7-6f37-4be9-8043-bd6426e3cb56,0.8122251774714749
5b85ad63-8938-4bab-9e7b-25904a314012,1
5b859a93-ee09-45c9-a3ef-a902293b0eab,0.704301690985648
5b85abef-4d0d-4b46-ab12-80fa23340b5e,0.7468926013651267
5b85ade5-2d21-4823-af16-87fb39388eaf,0.5656701518590863
5b85ac95-93c6-4378-8843-5def031c0225,0.5656701518590863
5b85abd9-14b8-47cb-b4e7-fd5fec782b05,0.7359479746320173
5b85ad71-ebd4-482f-9f04-fc1643410697,0.7359479746320173
5b85ab8c-b8f0-4d66-96d4-c44d2e48a951,1.1994500201912983
5b85aeb7-8f89-4820-b725-375abd282f74,0.9638160585286171
5b85ac99-163f-474a-b196-98445de86c48,1.2027510152928462
5b85ac8d-8b62-4a0d-bce2-ae34277949b4,0.5656701518590863
5b85ae1d-aa67-47bb-becb-578300c211bd,0.6926571826325549
5b85ae16-8580-478c-a7fb-adc73029fdec,1.101843779004338
5b85ae5a-8a91-4162-a06e-99aa2e7098f5,0.6061354466214564
5b85aeae-b04d-4f06-87cb-3faef5036a94,0.5656701518590863
5b85ad00-9c46-4894-b4d1-f1eb9a19c6ee,1.5953028913953122
5b85ac03-2268-4817-8bef-f7e6f7826d6d,0.6343158453263656
5b85ace3-4665-4211-9384-bea806b238b1,0.75639954053255
5b85ad19-85ba-480d-8afc-2131d9fa066d,0.5656701518590863
5b85acb1-dbcb-42e3-b819-a42ba8c99c42,1.5817587786958045
5b85ac94-c4c7-4f45-b91e-fcdef80b88fa,1.0338096981173077
5b85acc5-c1a3-47ac-9b6a-e808e2231c18,2.2626806074363452
5b85ab28-eaf7-4a5f-9c32-49d6b317e738,0.8070509760888522
5b85ac3e-1d06-4da6-9f91-4568dd14037d,1.3626028807305564
5b85ac34-b28b-4bd1-afb1-ba88ebd1df3e,0.7359479746320173
5b85acb0-9cc9-4f67-9d92-571c2bf94cb4,0.8919722601421756
5b85abf2-a575-4f01-994e-ed0402bc3023,0.5656701518590863
5b85acf3-4ee0-47c6-9cb4-8b3afdbbc810,0.7398124257633945
5b85ac55-3089-4000-ab10-685a4344d91b,1.3927963960972336
5b85ae61-b3a3-442e-a83e-05bca51f406f,1
5b85acc9-d170-4575-9075-f991c9d58244,0.7359479746320173
5b85ac3c-5b5b-4f8f-a181-df2294f107ff,1.276777325203011
5b85ae64-62b2-420a-a4be-8dd6abac27dd,2.135581672632429
5b85adb4-a044-44d1-8337-853467700448,1.3153338862698833
5b85ad62-b805-404a-b04d-413fc895938f,1.2027510152928462
5b85ad5c-d21c-439c-9040-3469881fefae,2.2626806074363452
5b85ac9b-23ac-4e02-ace5-40aafd1a1f8e,1.2675312614510144
5b85af45-6d5b-4643-8f7d-08666c6a430d,1.0322695273829496
5b85aed7-6ed5-4958-af3c-fa325598fa7c,0.5656701518590863
5b85afa4-78ad-4995-9f7d-8d40c2dfdbbc,0.663794927485085
5b859894-77a9-4f7e-96ef-d8287637861a,1.374996517400551
5b85aed7-8c04-48c5-b29b-792eb7ff429a,0.7068632622448909
5b85a8e1-0f03-4473-bca8-3104d25c153b,0.8759174098945407
5b85af65-d750-434b-97aa-62ee8cfd2a5a,0.5656701518590863
5b85ae9a-fe95-45f6-bf9e-fa3b259951a3,0.8759174098945407
5b85abd9-26bf-4260-b120-2749e2b153fa,0.8789017016365731
5b85afb0-5e25-4ed8-ae6a-41e6e3ff1359,1.3949081760323352
5b85af5c-320d-4d3b-b2bc-613c053f7057,0.75639954053255
5b85af3d-5c96-4312-9eae-f003524dc21a,0.5656701518590863
5b85ac1b-e36f-4696-a15b-267e0a0ca033,0.8017444299447357
5b85ad31-5904-4655-98ac-b7efcf64fb34,1.0071230628443906
5b85ad26-ecf6-4eea-b972-31075758e27c,0.6070398151523285
5b85b17c-d06b-47b3-a7f0-ddb0f3f240ed,0.9423625134221707
5b85ac50-57fa-4ac8-8648-e27a612d9baf,1.0014696201245807
5b85accc-98c0-4bbe-9224-6ed87a75fb33,0.7575281066724064
5b85ac8d-893a-498a-a4a7-933377a4ad36,0.5656701518590863
5b85ae7f-0067-4892-9536-b53924ba183f,0.6343158453263656
5b85af34-f43a-4d67-a941-9a98b90f3e1f,0.5656701518590863
5b85aa4c-f09c-4dd2-8d7e-b2ba017fc7b4,1.131863208537523
5b859a68-8ca0-4c08-8580-ba9511678b24,1.0768783894817808
5b85aeaa-47f1-4c7d-a4e1-52244c71977a,1.0534427229715269
5b85ad68-89ef-4583-9835-bd6502f04de8,0.9492951537152606
5b85aca9-a33f-413c-b71b-c76801bc63b8,0.7632494400667725
5b85af12-81a3-4b41-af4f-587fb52b343f,0.827119021890783
5b85aae5-00ec-43ef-bd8b-24d3138be7b2,0.5656701518590863
5b85ae23-f2c1-4f2f-bc4a-d1affdee55ba,0.5656701518590863
5b85af4b-5b6e-43ca-8fc1-cc77e05ad416,0.5656701518590863
5b85b01e-801d-4619-8466-db3d94a402dd,2.2626806074363452
5b85a97a-0dd2-4e34-8ace-2755647ed9e6,0.5656701518590863
5b85b1fa-8635-41d5-af14-d55097abea7b,1.3045792955679907
5b85ac70-a8a4-474f-8c76-86e432555207,0.5656701518590863
5b85af00-8e76-4bfb-a202-e2be3025edf1,0.729251951083797
5b85ae85-28ba-4d28-b573-34e0c8078ccc,0.5656701518590863
5b85ae52-7866-4a84-98ca-66162835edb3,0.5656701518590863
5b85b29b-8f01-41cc-87d0-3936d0fa665d,0.6895822915645953
5b85acc9-c8ec-4af0-825e-2436162ea419,0.6005509176318614
5b85af99-f2c8-40bd-a019-1e8a7e720673,0.704301690985648
5b85ad03-817b-43f2-9e20-a8935630ab3f,1
5b859a5d-9f60-4fb0-b06c-8bba6adf7654,0.8789017016365731
5b85afc7-5ff5-49f1-b3d4-4e0fd5dca78d,0.6519431135023953
5b85ad92-b43f-43a0-9abf-40b32d13cc10,0.9411225388510357
5b85ae5b-182f-4e39-9927-bed5b04f5162,0.761171553450745
5b85afec-1b84-4a50-b57d-618f79f48c48,0.6616384646338018
5b85ad31-b53c-45d5-b33b-06b9a6806333,0.7575281066724064
5b85b04a-39c9-4d3b-9fd3-70d04261594b,0.5656701518590863
5b85b107-4290-4fbc-af26-a8e3cbb9dfcb,1.3517212279860826
5b85b0ce-5b63-46f9-91ae-780bec27eaea,0.7843639407120553
5b85b224-9110-46f0-a409-7a1ffb04d5a9,0.5943531190701359
5b85b087-cfc9-4306-9989-249c27264cba,0.5656701518590863
5b85b14b-ba67-42ea-92c1-3aa369b3605e,1.0814532064343572
5b85addf-e8fe-4b85-93fc-24c66c75423a,0.8643704597877393
5b85acd9-a929-4ed1-8051-51769bfc534e,0.6285445218310628
5b85aee4-9bab-4c5a-98a0-63909462958a,0.7049232496101343
5b85afe4-22b8-4405-8206-10b1d4c62f10,0.8283531031821068
5b85ac46-8f41-4c2d-8577-e0e0a3bb8be8,0.6710474003129215
5b85ad68-1176-4188-a397-282f99890078,0.5656701518590863
5b85b103-9b6b-47e9-a448-396e06e7118f,0.5656701518590863
5b85b1a2-b63c-4621-8e2f-5896338ba84b,0.9772020407187473
5b85ad05-fc5f-4b8e-8851-ad48f7c87ba7,0.6519431135023953
5b85accd-bd93-42e8-a3bc-456f99fba154,0.7890868590091306
5b85b0c3-0bb3-434c-8989-17b7b05f4450,0.6519431135023953
5b85aead-6b99-4ab0-8b9b-2ae23d1d406c,1.0768783894817808
5b85af2d-0157-4e5b-ad12-820dcaeaffe5,1.101843779004338
5b85b1bd-806a-44a9-a043-dd9bdfbb9aa1,0.9079655551178172
5b85ac70-0ca4-404d-8a8b-b34b8f8c674c,0.6936906436554121
5b85afda-f479-4f25-a3ce-3f4d3de73597,0.7575281066724064
5b85b1ea-97b2-4e93-91c6-3aa23586f1f7,0.9079655551178172
5b85b430-a596-4f54-ab6d-290e2f433cb9,1.0843327231377473
5b85b0e6-14ab-4096-afa3-5b3cca17c450,0.5656701518590863
5b85b3ea-47bc-449c-b3ba-b323fb1d54e5,0.9772020407187473
5b85ac97-577c-43a9-a0fb-df326d77ef0d,0.6116245653887218
5b85b01d-83d0-43c6-ac73-cbd421a6ee96,1
5b85b0eb-1096-4a41-9e7d-fc64bd71729c,0.5656701518590863
5b85b24b-9dd5-44c5-b7d9-e9a5cab38de7,1
5b859b05-a5d8-4f84-954f-459773c183ce,1.6868198708321083
5b85b1f5-2148-4343-a721-e5cff027cf58,2.2626806074363452
5b85ace2-204d-44d1-9da3-eb2b056240aa,0.5656701518590863
5b85ad03-5b85-40a4-9d08-d543618a6308,0.694860801522856
5b85b3cc-f176-4a67-ad91-1d93849f4e54,2.2626806074363452
5b85b43e-7340-437b-af8b-af90e81553b3,1.4798047429420693
5b85b48b-4d09-4d40-aaa7-45a689d280d0,0.5656701518590863
5b85b1ee-e2af-4f71-9dba-02c3f253965b,0.5858690076303974
5b85b3fd-ad69-45ec-8bd3-e6f5e878983a,0.6070398151523285
5b85b4c0-3831-454a-a105-9101d1f99946,0.5656701518590863
5b85b3a2-7401-4525-b2d0-5c2ad1f7890f,0.6376466277602025
5b85b585-2540-406f-b7a6-4273c030f08f,0.5858690076303974
5b85b274-02f9-42f6-a096-e1126376f4d0,1
5b85ad68-08c9-4008-8dac-a9f6d930c983,1
5b85b54d-9ca4-469a-a78b-785f79836fe9,1.3045792955679907
5b85a34a-fefa-454d-a0ec-4e8349af72e8,0.5656701518590863
5b85b390-8aa2-4035-940c-07af8bb4a0cc,1.2915193684047324
5b85a576-64c2-43b9-a321-e137757e2a00,0.5858690076303974
5b85b47e-9a9a-462f-b27f-3555ad483910,0.6955997431411335
5b85b4a6-d6d3-42dc-bd23-88bb93da9574,0.6005509176318614
5b85b2b8-a537-43ce-9d58-9be91cbbe10f,1.4291335791667672
5b85aee8-7017-4c2d-be0c-9a15a628efd5,0.6343158453263656
5b85b3f5-5844-46ed-8e17-92c313bb53ca,1.055014484618271
5b85b024-0a48-48a2-a5bb-71ba6c746c29,0.6881028020412491
5b85aea1-33ca-44fe-a627-8dfae9cb2f4a,2.2626806074363452
5b85b59b-edf5-4bd3-83e3-9a509a29d4f2,0.6881028020412491
5b85b6a8-2a73-4103-9f71-41f332f90f27,0.5656701518590863
5b85b3d0-cf18-4164-ab51-aef7f2550081,0.5656701518590863
5b85b52a-bdf0-4437-ae73-f6a7cef384a8,0.9423625134221707
5b85b5e0-a4ea-4434-aebb-ecb8c0dd3f57,0.6061354466214564
5b85b488-25a7-4f63-a370-c3ae6cfad0b4,0.5656701518590863
5b85aa08-d2ad-4797-9bfe-5468a1d618d1,0.9563768273576596
5b85b4b3-77b7-4d5e-b553-2096da431114,0.9281648288785355
5b85b52a-4f4a-4b45-bfa3-f470c8b9609c,0.5656701518590863
5b85b49a-ae3b-4780-92fc-e9f4b7ba6864,0.6955997431411335
5b85b4ec-cfb1-442e-9c98-9e5424842851,0.6070398151523285
5b85b5bd-16c8-4564-a2b4-55d72b3a5e87,1
5b85b61d-6396-41bb-a8af-03692b2196b4,1.2879747452412915
5b85b66b-dca0-448a-a773-95c6508e59d8,0.9079655551178172
5b85ac54-70f7-4315-8c85-0f3cadbbf0b6,0.6070398151523285
5b85b5bd-f6fc-495c-91ef-0f3c5a8563c7,0.6037978785008878
5b85b96e-e3aa-4e12-8db9-a158f1916973,0.9079655551178172
5b85b6f4-903b-4940-a425-86421fbee03c,0.9281648288785355
5b85b98e-ec87-4bcd-be09-ef2b743e8c19,1
5b85ac24-b8ee-4eae-9850-e425e6f1edf5,2.2626806074363452
5b85b4ea-0ccc-44b6-a298-1c946c79d8bd,0.6285445218310628
5b85b9b4-d18e-4578-b5bf-4e160365fd1e,2.2626806074363452
5b85b962-5803-4c3a-b98a-1ff16b8d0018,1.0843327231377473
5b85b9af-96b2-4e24-92f1-e2e8eb78808a,1.3045792955679907
5b85b774-e0c2-48a9-af45-71cdf50a57e6,0.9503349758398825
5b85b747-afc6-4f59-9627-b48bbdda0508,2.2626806074363452
5b85b7d8-9127-44ce-9dae-3a81d9bcfa65,2.2626806074363452
5b85b91e-7a07-4c80-b6ff-2a03a4495ed5,1.7194654900847184
5b85b966-5de4-46de-922a-18fd0781592d,1.0843327231377473
5b85b7ce-9408-4a49-a342-b7f587b9c405,0.5985171278501468
5b85b6eb-2741-4b01-9f10-e5ed06a1ae57,0.830716054637415
5b85ad39-747f-4c00-b896-1b4568fa5b1c,0.8680424961767751
5b85b8c6-af31-4ccd-99af-40d80bd6a696,2.1229748355458065
5b85b974-c07f-47fa-8c7a-b039f2840b2a,1.3777434832736482
5b85b94d-f1f4-4d34-91f8-9ac31cd0726f,0.8881640698410288
5b85b9aa-24b7-4f6b-a4f0-b298cc31007f,0.5945817398126119
5b85b0c0-816c-49b9-9cf1-64da4e105f0c,0.5656701518590863
5b85b95d-a09a-4e3b-bd31-efced890746c,2.2626806074363452
5b85ba4d-9045-451d-853d-97e51a0ecda2,1.055014484618271
5b85b986-5338-47d8-8902-744be2353f38,0.5656701518590863
5b85b72e-f679-4e46-a167-8f5ff0c0a198,0.5656701518590863
5b85b89b-da7d-4086-802a-b685e4bd9162,0.8284361233862512
5b85b020-d238-437e-ba55-6de646b269ed,2.249845618440935
5b85bb45-4523-41c2-8b60-106c1b27794b,1.4437561563033403
5b85b5ee-a2c2-486d-9acb-e66d1d3f32e3,1
5b85b954-884f-4fc6-ada5-c3e872386d7b,0.6801164148302389
5b85ba54-73fd-43e2-8b0b-e738595583e0,1.2915193684047324
5b85b955-b03c-462c-b446-a27cddd0478d,0.5783778387275049
5b85b99c-2736-4f0d-acdb-9c2606e348df,1
5b85b6e8-9a6b-4bdd-8345-28f0290830ac,0.5656701518590863
5b85b9ba-9283-4137-8665-c5bbddcd8e1d,0.6801164148302389
5b85b6da-95cf-4e04-8ab2-5f50970260a8,0.6936906436554121
5b85b942-938e-40c1-b6b7-2d6dffb22604,0.5656701518590863
5b85b643-e057-40d5-b575-793f47c1cdd2,1.525477816140954
5b85b94b-ca34-4947-be0b-313fe49b559e,0.5656701518590863
5b85b9c9-3bb6-43b1-a29e-0a82b8219f14,0.8122251774714749
5b85b9ac-b444-4e09-a08f-f911e845924d,0.9079655551178172
5b85ba62-2968-409b-8684-05b17c58d898,1.2391138865599745
5b85ba6f-3e7c-46f9-a5ee-b296fa4f80ae,0.5656701518590863
5b85ba0d-b184-42a0-ae4e-7d6180951ae5,0.5656701518590863
5b85bae8-e39e-4589-b10c-f7619bf45fbc,1.4798047429420693
5b85b911-876d-48f1-b680-0b278fd1160d,0.6092476413773857
5b85bac9-5661-4912-b698-49f089217492,1.1344231710821797
5b85b7c7-0e72-44f1-8bbd-add7e3866a8b,0.5656701518590863
5b85b9b3-8bb5-4237-a9b4-9b3b699678ef,1.6725066509242301
5b85b960-6087-4cfd-885b-c2bf18c0f537,1.101843779004338
5b85bb13-b786-4551-8e3c-c293b422270c,0.704301690985648
5b85b8ca-a440-4ae7-9a7d-edaede886ed1,1.6750794212735787
5b85b9c3-1e6d-4d12-a57b-f99378293fce,0.5656701518590863
5b85b9b9-af6c-4683-a4c4-a33e1037a29b,0.5985171278501468
5b85ba7f-9959-4ce8-9b16-9485b3c82ca4,0.5656701518590863
5b85bae0-2593-4ba2-90ad-767ee874232e,0.6561105816702079
5b85bc31-9208-4181-ac34-66d6b8485ec0,2.2626806074363452
5b85bb2a-81d9-4c8f-9161-ae94f442771e,1.4376487074558586
5b85ba8a-8685-4967-8fda-c99f494345fa,0.5656701518590863
5b85b990-009e-4d05-9e95-116db2b937f9,1.3234712253021494
5b85b593-fecd-47b2-b4b3-5d3cf387c2b9,0.5656701518590863
5b85bbbc-e12b-4829-9779-48f9c4dec0b4,2.000454114259757
5b85ba44-bbf6-4a49-a25a-358279d6e1e8,0.7359479746320173
5b85bba3-bb3d-4694-b73d-b3109b4a0202,1
5b85bb97-591d-405c-8236-8a990cc50627,0.5656701518590863
5b85b7b7-d290-40f7-9018-239e741f0983,0.7971392678797712
5b85ba80-738b-4ecc-aed6-50be14a7cd14,0.75639954053255
5b85b980-5847-4652-9469-53762c5f4a2f,2.2626806074363452
5b85b985-280d-46d5-9df0-16c319866b28,2.2626806074363452
5b85bd90-50e7-45da-9468-20a0d888253c,0.6926571826325549
5b85b9aa-7bab-4b34-887b-02cca0bc9a52,1.0814532064343572
5b85bcc2-ee4b-4134-82d1-410abd49a0cc,0.9302025067444805
5b85ba06-7105-470c-8bf4-dd6b74c11cec,1
5b85b98c-a7f1-4e25-90c2-94d8d9cb7717,2.000454114259757
5b85b936-d872-4e2f-9e80-99b593911ddd,2.2626806074363452
5b85ba16-fd62-4448-9e57-8654356e8211,0.5656701518590863
5b85b884-fa3c-408c-ade5-489c2b5b9a24,0.615149570502014
5b85bb88-d1a0-4ae0-b6d0-496781418a31,0.5759311561286999
5b85acbd-f8b6-40c6-b791-75e66d1aad0f,0.5656701518590863
5b85bcc7-c158-4ddd-b93c-7716baa33bb2,0.5656701518590863
5b85bd5c-5638-488e-bb16-9341dc37065e,0.5656701518590863
5b85b941-3af7-4cfc-838a-9f120c01e335,0.5656701518590863
5b85bd45-a2ae-4ebc-850c-279ee9a44e2a,0.7890868590091306
5b85b41b-964d-41bc-aed6-3bde144f38c6,1.2422557605966777
5b85bbd8-4fa4-48fc-a73c-8889075e642b,0.5970033772327927
5b85be50-35ad-4b2e-8ba1-2b261d3b30f0,2.2626806074363452
5b85b71b-cd5f-4b7b-9576-99e3b5639fee,0.5656701518590863
5b85bc6f-2e54-4705-8e77-c14d209dee16,0.830716054637415
5b85bde7-b83c-4be9-ba22-d5a841532e3f,1.0949821783632114
5b85be54-4966-49f3-9858-718fef1f8740,1.7597147040199936
5b85bcfd-267a-43da-9800-c9598d32d8e8,0.5897467282696448
5b85bf5e-6aac-4326-af96-b2c163057b89,1.2512834795018757
5b85b95d-78b2-4d82-9b4a-4444835dab76,2.0170698634652253
5b85bdc5-34a8-4890-8865-0b7245bc9f9e,0.6376466277602025
5b85b92a-9ea1-4056-846d-52a14ed13bb3,0.5656701518590863
5b85b944-08c2-4139-8c23-40a1e9f1fb3e,0.7575281066724064
5b85bd02-4e9b-4543-93d2-934ad3bdf465,0.6955997431411335
5b85bf4e-528c-4d4a-baec-c4298c72aae6,1
5b85be0d-ea9f-4001-831e-e6a8f442d332,0.6092476413773857
5b85bcd1-835d-4c2f-b962-48a3ef8190c7,0.6285445218310628
5b85bf0b-99b0-421c-a8e8-76f1b1b27be7,0.6955997431411335
5b85bff0-36b9-4d3f-a4f4-f677e15b8fad,0.5970033772327927
5b85becb-9361-4300-a751-86aa547a35e0,0.5656701518590863
5b85bd79-8337-4caa-ba55-5cb18f151c81,0.790264195407109
5b85bf0e-070a-4de8-8bc5-1b1c236fc060,1
5b85be26-d921-4054-bfa9-d9424b8f0ce6,0.5656701518590863
5b85bed7-5397-4d59-886f-38c356b19018,0.790264195407109
5b85bfb6-410b-4414-9621-e388f5aa86b5,0.6070398151523285
5b85babd-45ad-470d-a37d-24778598a0e7,0.5936959313349871
5b85c205-f205-4913-b005-f0fc0ece23da,0.830716054637415
5b85bfc9-86ac-45de-a359-478aa37a16f5,0.5656701518590863
5b85b936-78fa-4dd1-a311-a8e2fc5aec67,0.6955997431411335
5b85bf84-7b26-4c4f-838f-33c2efc51f2a,0.6285445218310628
5b85c06b-ad30-41f7-9ab9-f2b643179601,1.3517212279860826
5b85c0fa-361f-40d6-a4b5-9dc8e5a6ac05,0.6955997431411335
5b85c05c-a46d-4bc2-a19e-e8ca72ad407c,0.5656701518590863
5b85c0a2-b6b1-45df-9941-aab6ed157672,1.4774916422018196
5b85c39b-9ded-42c2-bfa3-7567d6dba5a1,0.8881640698410288
5b85c298-5265-4659-b108-7bda50ac8680,0.5656701518590863
5b85bcee-3432-4668-8cc2-36b78eae7b08,0.5656701518590863
5b85bdf2-8a85-4d25-bf25-ab714a11e10a,0.5656701518590863
5b85ab79-bef6-4b28-9104-a65c11969526,1.4260248231282129
5b85b8f3-7d0b-4cc9-9254-daf6a240af6e,0.8314491761602899
5b85a698-11c3-49e0-9651-502fe418533d,1.374996517400551
5b85c3bb-c315-499c-a830-ed3f03f86b46,0.6285445218310628
5b85c344-730f-4f15-a2f1-f51238dd2dae,0.9611708293435713
5b85c351-1ba7-48b2-8295-a912ba543046,0.5656701518590863
5b85c506-a353-40ef-8892-2a9c6fafca74,0.694860801522856
5b85c334-66f5-4eee-b77f-952bcdf96f5b,0.5656701518590863
5b85c5ed-d397-43c2-96d1-2254214726a0,0.5970033772327927
5b85c3bf-1fee-44d4-93c3-ede4c7e93e3e,0.6752809391920699
5b85c660-f208-410a-a64c-62b702d9de86,0.5656701518590863
5b85aade-2d67-49e9-9ae5-497f663b97ca,1.4943382104065466
5b85c2f6-4a44-4cf6-9bf6-24cda014672b,1.4688483695901093
5b85bb08-db1f-4e68-87c0-e49a6dce3423,1.2694609800152816
5b85c5ea-c0e7-40b6-8f56-c0862cdb9023,1
5b85c76c-56e4-4eb2-85ab-40fc1d46a34a,0.9079655551178172
5b85c386-88a9-48c3-9b7a-0e9aba4bec59,0.6005509176318614
5b85c4ad-e55b-4a73-895e-f9306c545205,0.6070398151523285
5b85bd8d-a10e-4ac7-9695-6d4b60e21f31,1.3045792955679907
5b85c682-624b-4c9c-ba47-b7b1a663ebe5,1.101843779004338
5b85c554-eb96-4268-85ae-427c4a33c3db,0.5656701518590863
5b85c618-e4aa-41b6-bc2a-f2b0740fa928,0.5656701518590863
5b85b217-ca53-4efc-a40c-25e1dfd273f8,0.790264195407109
5b85c612-f9c6-470e-92bb-21dbaf58dde8,0.9281648288785355
5b85c6c6-36c3-466c-9094-24cd6922f44a,0.6070398151523285
5b85c619-5c81-4c91-aa2d-9c21a728501e,0.790264195407109
5b85c7bf-533a-4cb7-8657-a091d2a00c86,1.475875024338053
5b85c777-8dd0-47c7-9ca2-68a1f7d1d02a,0.9913531408872479
5b85c08d-1242-4b32-ab52-23e02886da1c,1
5b8599fe-16f5-4b1f-9c78-a40e09ef2d54,0.5656701518590863
5b85c5c4-75ab-49f5-a42c-7d5b2159ef8f,0.896739680580041
5b85c734-2654-4657-a667-eb54c236f22d,0.6343158453263656
5b85c750-dd18-422c-bfef-60aec36a4d80,0.6285445218310628
5b85c680-5563-4dc1-8b10-ef958a38ed0c,1
5b85c7aa-373c-46de-93a1-a43150ebb08d,0.5656701518590863
5b859ebb-77d8-4ff1-834e-df7dddd5331f,1
5b85b944-322a-4d1d-8ed3-834a13c82c79,2.2626806074363452
5b85c784-04a8-421e-b10c-8fb03ce46324,1.101843779004338
5b85c771-31ef-4d67-a9c2-d7c1b9697777,0.6092476413773857
5b85cb02-b7f5-401d-85b3-bc69594f932b,0.9079655551178172
5b85c919-7336-483c-8361-5df81ea43bb2,0.6285445218310628
5b85cab8-17e0-482f-9538-f24644eba6ef,1
5b85c984-f9f3-45f8-a303-d3eb5feaaf1e,1.133690362247241
5b85cb12-bf39-49af-ab51-d3006c7e04e0,0.790264195407109
5b85c91d-1ba9-4e84-8bc3-3f23e42c3125,0.6801164148302389
5b85c9e5-8ae2-4221-ba3e-bc608350a132,0.8017444299447357
5b85cb22-5174-4fbf-86de-3349431320e2,0.5656701518590863
5b85c9d2-4a49-4620-96ca-136614e59679,0.5943531190701359
5b85ca85-b395-4a71-b73d-695afb7d79f5,1.7130433119671566
5b85c96f-63c0-405c-873e-aeb291b19106,0.5656701518590863
5b85c9cd-c945-4681-93e8-7636a3079e8a,1.9875126330014594
5b85ca49-450a-4086-84bc-17a244c36303,0.704301690985648
5b85a03e-e5cc-43b9-b8c1-a528201b9cd1,1.2599450745765943
5b85c999-d4c6-4c5b-8d7d-139b06a71e0f,1
5b85c9f7-233a-4a91-9c57-5c7ff2b5625a,2.2626806074363452
5b85c7e1-1b9c-4c96-9f55-003c280dab67,1
5b85cd42-c0db-4ef7-8db7-7886eea7e6ca,0.5925832049603761
5b85cca3-5475-442f-b48a-a5e13fafbbef,1
5b85cb7c-57a2-495e-92bc-c575a6207baa,1
5b85cc0f-a0f1-4aaf-9ea4-4e48478bbf70,1.649795644854088
5b85c936-b23d-4160-933e-6cac543480d2,0.5656701518590863
5b85ccf1-634a-48be-987d-6af1fd0818e8,0.9400139427876887
5b85c762-068a-4c41-a45b-775c929bde77,0.5656701518590863
5b85cace-4a78-4d2f-83c0-09e7a3b83bf9,0.5656701518590863
5b85cce6-20dd-4c45-b427-60d8e0e35da5,0.5656701518590863
5b85cd4f-965d-428a-80ad-4b5c76e833f2,1.131863208537523
5b85bf99-de45-4ba2-b41e-036c0d2f47f9,0.9508964801895415
5b85ccca-2b95-42a1-8f8d-82e1fcd69909,0.6070398151523285
5b85ce24-8ede-4330-8da8-8af627248762,1.101843779004338
5b85cda0-7de7-4a8b-bf42-cff8e4d5d8e7,0.6801164148302389
5b85cc67-0e73-4ddd-9da8-f0113ab484d7,0.5656701518590863
5b85c995-ddd8-4fec-a805-764123cf104c,0.6955997431411335
5b85cf5a-efa1-419f-9400-6c310e31ba04,0.6570895142935052
5b85cfe3-e241-441c-bdee-1ec7d2d95a62,0.6070398151523285
5b85cc64-94bb-4875-9cc8-391f3ee4c81a,0.6955997431411335
5b85a195-43b6-4d11-ab7a-70598c901bc5,0.7575281066724064
5b85cb8f-cbd6-48af-841b-8e4631960cc3,2.249845618440935
5b85ce32-239c-4665-923a-aa1fa9ed6db3,0.6160673883205269
5b85cb61-a6cf-4055-9ec9-4960ae56b842,1.3045792955679907
5b85d128-9b61-4042-8a92-b0aba193a4fa,1
5b85d28c-163a-4942-a6f9-31de805054b0,2.2626806074363452
5b85d071-2432-4679-8e06-82b970599dcc,0.5656701518590863
5b85d1a5-61ea-4ecb-bc98-0c11e1460098,0.5656701518590863
5b85d29d-b323-4059-9406-6e7e504b3667,0.8122251774714749
5b85cf52-322e-4f2a-b989-82d84d882032,0.5656701518590863
5b85ce9b-f05b-4c37-b321-a9a339483c22,0.899207589407527
5b85d14f-53d2-458c-96a9-d82ed708f3a7,0.6066793703886121
5b85d1e2-7821-4749-bc66-dc629ba80956,0.9772020407187473
5b85d1d3-7a2c-4ecb-9f7b-3cc485e12aba,0.6066793703886121
5b85d222-57f4-4402-bc12-b386c07af4e9,1.2599450745765943
5b85d0b6-c39c-4582-9d00-a1c159b26fb9,0.9772020407187473
5b85b5ec-ae51-4f5e-b948-0ba00d1de4ff,1.117799846467379
5b85cab3-f46c-4f44-a5be-4b2af0751893,0.9698966316062059
5b85d3a3-371e-411a-96c7-3ba84185f43e,0.5656701518590863
5b85d5b4-4f67-44b8-ba91-2fee85932eb5,0.8133546858231827
5b859a03-7cdc-4a28-832c-b02242d5f4ca,0.6602498863679479
5b85d555-598c-401a-adfd-c534bee1d399,1.117799846467379
5b85d5d5-5da5-4af9-930b-17f890ad551f,0.7549559363501844
5b85d599-e33f-42f5-b094-0dfe3590933f,1.117799846467379
5b85d588-593d-4c00-8686-06cdce5d4158,2.1015293214597097
5b85d592-5bec-4fe5-bf4d-2f51ecc8c0b4,2.2626806074363452
5b85d657-949a-4f05-aacd-718d0777c31a,1.2599450745765943
5b85d5be-51d4-4904-a048-7675f3339079,2.2626806074363452
5b85b61f-3316-40d2-b54e-9eb81f3659d1,0.830716054637415
5b85d4ac-255a-4723-b293-0006b06b73aa,0.5656701518590863
5b85d57b-3392-4d8f-84cb-b364aca1f60e,0.5656701518590863
5b85d168-fe10-4a79-8e82-34cef61986f2,0.5656701518590863
5b85d75c-f82f-4340-9a73-9dda1a9de3e1,0.5656701518590863
5b85d842-fa4a-45cf-94f4-b99e9398ea77,1.4750035201701612
5b85dc7b-15e6-4e53-bc2d-0f52fcfe64b5,0.5656701518590863
5b85dc85-6fa2-4d53-b241-6b407ccd2b86,1.3472109637851024
5b85de00-9dc8-4353-9352-eb0f7b314e99,0.5656701518590863
5b859c3b-5089-4aa7-aeea-41c47e26e706,1.4631690096550145
5b85d0ac-d576-4248-8835-21aa00d78d74,0.8121425414285491
5b85df6a-6d9d-4d50-a041-8fac2e0f39cc,1.055014484618271
5b85ded8-3ce7-4bd4-b744-354ef8b33d5e,0.790264195407109
5b85a413-bf7c-4e20-b658-2bc02d493f23,1.278384740809856
5b85e014-992a-49c8-aead-c0070dbe34a6,0.5656701518590863
5b85998f-dee9-4dc1-b94e-b571d131364a,0.5656701518590863
5b85dd1c-8d4d-4a10-adbb-86858d2d3a6c,1.131863208537523
5b85e404-0df1-4199-b552-b0cfe9e185a2,0.5656701518590863
5b85df7c-a462-4a35-9127-c4fa389dcf7f,2.2626806074363452
5b85e38d-cb6d-4dc8-96d1-6dfbc5b017d5,0.5656701518590863
5b85e82c-ec17-417c-ad53-e408a3473a45,0.6955997431411335
5b85e73d-7b75-4cc6-9275-e415a0de8f1c,2.2626806074363452
5b85ea13-6eaf-4fda-bafb-da9c47050cfe,0.5656701518590863
5b85eb8c-73f3-489c-8a76-91f660bb9d4a,0.9772020407187473
5b85efaf-f95e-44df-86c5-2993e763d60e,0.5656701518590863
5b85bb8b-b370-4050-bc43-7699c9d86ce6,1.055014484618271
5b85efa6-3bc7-4dcd-bb8c-496d09499f0b,2.2626806074363452
5b859a04-d5a9-4212-b94c-e732ebf22da2,1
5b85cd51-67a0-4f26-9d03-8403862cdcbd,0.5656701518590863
5b85f77a-3376-4ee5-9faf-0491d597c908,1.2004555400803696
5b85f7f7-adb1-4896-9e36-71684b86bfd2,1
5b85f7fe-e4ab-496c-970f-be417435b00e,0.5656701518590863
5b85f86b-cd12-4d2a-b578-738c9cb9d5a2,0.5656701518590863
5b8602e5-64fa-4146-aada-76a321db7dc7,0.5858690076303974
5b86044f-17ca-4f25-8be9-4ef0c5b2e995,0.7936242430838863
5b86047d-39a7-4bae-be05-90ec117804f0,2.2626806074363452
5b8604e5-b004-4a15-9564-b6febf9a1f68,1.2591969513178471
5b860402-9dcb-44a1-a33a-6e5162ae88ef,0.5656701518590863
5b859a72-b8d5-48d2-b7de-91f5daf28ba5,0.7957225055032343
5b8608fa-3190-468c-b1f8-a5891aef0409,1.4688483695901093
5b861156-3657-49c8-a472-c8520fcaddb2,1.2299395718867028
5b860a70-db93-4984-b617-3f578b550926,2.2626806074363452
5b860fb1-426b-4294-88a3-95359ed6189c,2.2626806074363452
5b861b9d-1ce1-4b24-8650-f2f681e03b63,2.2626806074363452
5b861df0-19d6-49b1-b0b4-f08e666493b6,2.2626806074363452
5b8623e0-b9b7-4a29-82f7-c3adac9394be,0.5656701518590863
5b8623b6-8491-4c73-8fdb-dfce32561a12,1.7378503083614711
5b86246d-4efc-48b8-90da-2e5cd675bc00,0.8243041581835336
5b862648-b22f-41fa-8dba-00e181494cc3,0.6955997431411335
5b86287f-0578-4c9d-a29b-ad85b61cdce2,0.9533994325611344
5b862db3-86dc-4506-b7da-a9e20e624e44,1
5b862984-add6-47fe-a58d-3c5ed7d8553d,1
5b863d83-c14a-4ec1-b56b-55e291b9d326,0.6801164148302389
5b863df7-7f1c-4b7a-8ab0-3b951311a90b,0.9437685407491698
5b8644b8-5b87-4c8c-a653-b60ae23fa2c0,1
5b85a143-a588-4194-bbca-3ca1c49b5721,1.5362535981468513
5b86b9a1-acca-41b9-9015-2ef8efcbc850,1
5b86c4b5-1d22-436c-bc31-493586db4f57,2.2626806074363452
5b85b12b-3265-46b9-8d20-1af023c28622,1
5b86dada-f818-41d2-b088-40ac05f8a3f0,0.9772020407187473
5b86d980-7ebe-4e8c-a0e9-d5bfd1e8115f,0.5656701518590863
5b86ef67-da16-4828-9036-87e9132bf46d,1
5b872377-f616-43b3-9ba6-47340ff2addc,1.2299395718867028
5b872876-9dc2-43e2-a326-e0be7cc73665,1
5b874704-f416-4694-a13b-a707b3c96d8a,1.4688483695901093
5b87565a-fa93-4df3-b866-191b8a93d1fc,1
5b8776a5-e590-4ba6-9775-7cf140dd3c81,1
5b878e7f-1f29-40ef-a8c1-e7b632b7b568,1.9557270854422493
5b87bb54-788c-4673-89c9-a4627387a82e,2.2626806074363452
5b87f1c1-9157-4a6f-8d12-d9d0bb2ebf70,1.231774671038037
5b8616d9-b8ae-4f54-a21c-bf7d9b31f04c,1.9788338246941661
5b85c6ec-00a3-498a-827e-367cf4494d41,1
5b85acfb-31a6-46d7-b4bd-612e752e4e19,2.2626806074363452
5b85abfe-0737-4bae-9c3c-b33b1c4d6841,0.5656701518590863
5b85ad1f-48dd-4224-bd4b-27d15aa14b07,1.3633228045943173
5b85d44d-79c1-4b69-bbb3-bb7b2bfcace3,0.5656701518590863
5b85ae16-aa9d-4208-8feb-92817ccdd410,0.5656701518590863
