variable,value,term,estimate,se,q2.5,q97.5,median,mean,gt0,lt0,NAs,Nsim
auth_total,0,(Intercept),0.49999999999998773,0.018625148456608228,0.4636464910716877,0.535395840402056,0.5001986259591331,0.5004167083986795,1,0,0,1000
auth_total,0,diff_dem_type_u,-0.18180647212199183,0.024569420575318583,-0.23054678542373871,-0.13490496667946406,-0.18229008922625245,-0.18182511031571297,0,1,0,1000
auth_total,0,diff_dem_type_v,-0.21494120572817937,0.03293098194374882,-0.27915057648807723,-0.15142685749313792,-0.2153481485081183,-0.21672889437739445,0,1,0,1000
auth_total,1,(Intercept),0.4999999999999894,0.01689316010310616,0.467994205409419,0.5316238670516533,0.49961486323730764,0.4995679888010028,1,0,0,1000
auth_total,1,diff_dem_type_u,-0.1283236348455027,0.02310894885076219,-0.17119248676602772,-0.08525316190122574,-0.12778305842232335,-0.1277589566742522,0,1,0,1000
auth_total,1,diff_dem_type_v,-0.22126867381658874,0.027500405562770933,-0.27772023942294566,-0.16614825927386442,-0.2186213614322278,-0.21966056021811145,0,1,0,1000
auth_total,2,(Intercept),0.4999999999999903,0.014407923981242497,0.4723092094420914,0.527347732290903,0.5002102134616211,0.4998804429776657,1,0,0,1000
auth_total,2,diff_dem_type_u,-0.1160076291574659,0.01769459857307618,-0.15167062482256813,-0.08105908926699922,-0.11543082272120186,-0.11543893168365851,0,1,0,1000
auth_total,2,diff_dem_type_v,-0.18018951331868627,0.02370900450576236,-0.2262182669863928,-0.1330172496710978,-0.18057470796310093,-0.18056693324461284,0,1,0,1000
auth_total,3,(Intercept),0.5000000000000135,0.013050911617567478,0.4759604028507551,0.5249740067426661,0.49955275211556316,0.4999523145531564,1,0,0,1000
auth_total,3,diff_dem_type_u,-0.10925723167602229,0.01748076188331962,-0.14389473330055425,-0.07495198587492144,-0.10914811016108156,-0.10919889852702887,0,1,0,1000
auth_total,3,diff_dem_type_v,-0.20523345415466854,0.021796116804319185,-0.24504985968584028,-0.16264521181204886,-0.20419139711514295,-0.20475982124687184,0,1,0,1000
auth_total,4,(Intercept),0.4999999999999874,0.014356869054580793,0.4722062271165334,0.5258814908691967,0.4995296135441852,0.49932431345256856,1,0,0,1000
auth_total,4,diff_dem_type_u,-0.08590384073285992,0.017944131351966566,-0.12007972385679838,-0.050693281735910804,-0.08494909640503256,-0.08538407857897322,0,1,0,1000
auth_total,4,diff_dem_type_v,-0.1393606249782458,0.023951254086885185,-0.18582621016766257,-0.09331494091442158,-0.1376889842996859,-0.13801541642442414,0,1,0,1000
dem_better,Agree,(Intercept),0.5000000000000119,0.010643633581669759,0.4798103248862017,0.5210623923289444,0.5000384518034946,0.4999238641995097,1,0,0,1000
dem_better,Agree,diff_dem_type_u,-0.11706566198495087,0.013569852412149296,-0.14259729398111498,-0.0891556931931632,-0.1166264917545746,-0.11673936815329237,0,1,0,1000
dem_better,Agree,diff_dem_type_v,-0.18661987242641118,0.018469182467571326,-0.22278343627274705,-0.15103772375181723,-0.1873855833377897,-0.1871852357566263,0,1,0,1000
dem_better,Disagree,(Intercept),0.4999999999999974,0.021128664065329077,0.461312697790027,0.542577151306561,0.49918736320353185,0.4994739840155738,1,0,0,1000
dem_better,Disagree,diff_dem_type_u,-0.07884020726296877,0.026317611011265986,-0.13189450797315447,-0.028134939301012858,-0.0773944835345976,-0.07804339490544399,0.001,0.999,0,1000
dem_better,Disagree,diff_dem_type_v,-0.1703217949509923,0.035832310962244915,-0.24093388933867277,-0.09984996097843922,-0.16962934290477077,-0.16857388909940957,0,1,0,1000
dem_better,Strongly agree,(Intercept),0.500000000000028,0.010228394554854983,0.4792108666199115,0.5190494978101864,0.49971198618083423,0.49961503112485617,1,0,0,1000
dem_better,Strongly agree,diff_dem_type_u,-0.1343690664298205,0.013351527883274672,-0.1586921849863561,-0.10752551463844155,-0.1345203402501665,-0.1341315453655451,0,1,0,1000
dem_better,Strongly agree,diff_dem_type_v,-0.19648063987174866,0.016954765660143357,-0.22758869491806466,-0.16138480695030694,-0.19594918351645282,-0.19547817094747,0,1,0,1000
dem_better,Strongly disagree,(Intercept),0.5000000000000051,0.033171235846474266,0.4348222837735633,0.5621926751205598,0.5020361809899931,0.5007412626374544,1,0,0,1000
dem_better,Strongly disagree,diff_dem_type_u,-0.04192667199439432,0.04197670024384368,-0.12353090362584652,0.03920703098768903,-0.044030943254858186,-0.04176690968238856,0.168,0.832,0,1000
dem_better,Strongly disagree,diff_dem_type_v,-0.1508406234900844,0.057941472862410116,-0.2594519105896596,-0.041601076500026375,-0.15009733633847472,-0.15103178499162206,0.007,0.993,0,1000
voteduty,-1,(Intercept),0.5000000000000024,0.042578805721340256,0.42104557507337254,0.5795157969407941,0.5034642084845306,0.5019410872765825,1,0,0,1000
voteduty,-1,diff_dem_type_u,-0.1305868989451155,0.05819223133245402,-0.2423707472083524,-0.018476368129339494,-0.13685278990434913,-0.13408158496161282,0.01,0.99,0,1000
voteduty,-1,diff_dem_type_v,-0.0932747614488218,0.06784870554951758,-0.22349401477565448,0.041513167267527795,-0.09878791607037965,-0.09627845535884169,0.077,0.923,0,1000
voteduty,-2,(Intercept),0.4999999999999824,0.015857459176767463,0.4716285473201367,0.5318160469178193,0.5009016974656744,0.5007116958018616,1,0,0,1000
voteduty,-2,diff_dem_type_u,-0.10324641599903031,0.02016366858543161,-0.14574509721861512,-0.06651055411238721,-0.10402357644206042,-0.10380771075918617,0,1,0,1000
voteduty,-2,diff_dem_type_v,-0.18469175739640087,0.026643356806311136,-0.23921947989710726,-0.13336905240549843,-0.18477414537665535,-0.18549984646687145,0,1,0,1000
voteduty,-3,(Intercept),0.49999999999999295,0.014526160490626166,0.4698141104151738,0.52725417194157,0.49952368701453476,0.4992104369053762,1,0,0,1000
voteduty,-3,diff_dem_type_u,-0.09927739496233398,0.017903147851267998,-0.13348106681681068,-0.06321714393071363,-0.09835838742419825,-0.0985377096189114,0,1,0,1000
voteduty,-3,diff_dem_type_v,-0.15959579208440391,0.024946486546446472,-0.20654386418313145,-0.10671954487953579,-0.15830996551941026,-0.1586073663338835,0,1,0,1000
voteduty,0,(Intercept),0.4999999999999889,0.0197852691579866,0.4605184620625221,0.5377293754643679,0.4997971873063539,0.4997433808761361,1,0,0,1000
voteduty,0,diff_dem_type_u,-0.08937112624369688,0.02481661807528198,-0.13558903657088162,-0.039827172924534596,-0.08957425586859329,-0.089126453225121,0,1,0,1000
voteduty,0,diff_dem_type_v,-0.14511996062965957,0.033300602424438074,-0.2073209789729312,-0.08132599829776822,-0.14342699527688302,-0.14326452536917542,0,1,0,1000
voteduty,1,(Intercept),0.4999999999999991,0.09145893151042979,0.3302053991926607,0.6854555024641917,0.4991046460164622,0.5014712520260701,1,0,0,1000
voteduty,1,diff_dem_type_u,-0.19647587903657493,0.11299122572198979,-0.4229915578626211,0.029107029902570775,-0.18677058133217075,-0.18995895536730564,0.045,0.955,0,1000
voteduty,1,diff_dem_type_v,-0.25335597982180735,0.1438896795991967,-0.52489829009479,0.03220045601083372,-0.2506598935137213,-0.24880795876027495,0.049,0.951,0,1000
voteduty,2,(Intercept),0.4999999999999886,0.02082611759861049,0.45756491681315037,0.5383209759809204,0.5005137326789229,0.49934198004728886,1,0,0,1000
voteduty,2,diff_dem_type_u,-0.1405120722378211,0.027276542435871742,-0.19201184050007467,-0.08652812593318733,-0.14054107900189666,-0.13969612299840123,0,1,0,1000
voteduty,2,diff_dem_type_v,-0.2627661215541557,0.03170505178793365,-0.32472119801514504,-0.19968313767965554,-0.26221723502925137,-0.26273798289402134,0,1,0,1000
voteduty,3,(Intercept),0.5000000000000175,0.011737328161400686,0.47694562607471436,0.5223851854255083,0.4996245307784455,0.4996670708836745,1,0,0,1000
voteduty,3,diff_dem_type_u,-0.13815354880357603,0.015395047442073076,-0.16809776772854526,-0.10764325590075391,-0.1376940990957944,-0.13760096680861006,0,1,0,1000
voteduty,3,diff_dem_type_v,-0.20490193127659562,0.019513389147239137,-0.24046347563809614,-0.1655022601406218,-0.20437080658728013,-0.20438065637651437,0,1,0,1000
ideo,Conservative,(Intercept),0.5000000000000009,0.016308092091042486,0.46708777394884293,0.5305536080113068,0.49877604347620824,0.4990958889420888,1,0,0,1000
ideo,Conservative,diff_dem_type_u,-0.12123334115720108,0.020313081885099803,-0.16096034061168538,-0.08184632439376503,-0.11971981466481282,-0.1202466888133496,0,1,0,1000
ideo,Conservative,diff_dem_type_v,-0.20304470101372682,0.027097863919160612,-0.2560932674651578,-0.14659214761282463,-0.2019953009140569,-0.2019691637856203,0,1,0,1000
ideo,Extremely conservative,(Intercept),0.49999999999999406,0.023326332992685793,0.4563529524747382,0.5446446887673745,0.5001999274871949,0.5009643564771838,1,0,0,1000
ideo,Extremely conservative,diff_dem_type_u,-0.08952948894401754,0.029561372797913023,-0.14772281720410135,-0.03357052633037267,-0.09144549235199881,-0.09055787015926298,0,1,0,1000
ideo,Extremely conservative,diff_dem_type_v,-0.12148029757511652,0.0409944136701498,-0.20160837902607323,-0.04080514996057159,-0.12161927356274538,-0.1207259427425227,0,1,0,1000
ideo,Extremely liberal,(Intercept),0.5000000000000021,0.02667392668563472,0.449024736841592,0.5557044187744266,0.4990033037170336,0.49976784318617373,1,0,0,1000
ideo,Extremely liberal,diff_dem_type_u,-0.10880066984435233,0.034268731537091306,-0.1739019064135157,-0.04405955818247321,-0.10822242458252895,-0.10806277996050025,0,1,0,1000
ideo,Extremely liberal,diff_dem_type_v,-0.19134045927992296,0.04518916985627124,-0.2798624819990624,-0.10570179435686838,-0.19178329293273041,-0.1917758639012066,0,1,0,1000
ideo,Liberal,(Intercept),0.4999999999999948,0.017720709053347567,0.4639580377768587,0.5337530169798237,0.5006631752614585,0.49974177187633234,1,0,0,1000
ideo,Liberal,diff_dem_type_u,-0.11806795131656052,0.02277506501127827,-0.161185180330271,-0.07188914814458548,-0.11782921996040802,-0.11762177143561356,0,1,0,1000
ideo,Liberal,diff_dem_type_v,-0.20775029117533134,0.030711107545190904,-0.2644982431857191,-0.1443693642614209,-0.20734913626789805,-0.20728376750755917,0,1,0,1000
ideo,Moderate,(Intercept),0.49999999999996847,0.011824825834011439,0.4759859920543986,0.5234734969290374,0.49964968925682285,0.4997496561669376,1,0,0,1000
ideo,Moderate,diff_dem_type_u,-0.10509537552845953,0.015140101534117786,-0.13405858799134768,-0.073675751663179,-0.10505200639060405,-0.1046739150933813,0,1,0,1000
ideo,Moderate,diff_dem_type_v,-0.17740672243718258,0.020771267682611613,-0.21755258774148542,-0.13696051771469814,-0.17788070757451138,-0.17745249590533654,0,1,0,1000
ideo,Slightly conservative,(Intercept),0.4999999999999963,0.021384054966930657,0.4590008694691533,0.5400714899747339,0.4993916043019554,0.49964651237423086,1,0,0,1000
ideo,Slightly conservative,diff_dem_type_u,-0.14552081032542247,0.028779016691609267,-0.19955127256900013,-0.08402567786226048,-0.14552694506050762,-0.14418919542990713,0,1,0,1000
ideo,Slightly conservative,diff_dem_type_v,-0.17028310023721693,0.03425368628985811,-0.23607607731317143,-0.10320736334708924,-0.17081510604709066,-0.17042943138619412,0,1,0,1000
ideo,Slightly liberal,(Intercept),0.49999999999999584,0.020441881571535578,0.4595162962851133,0.5433555325764228,0.49903747499546947,0.5000902457082099,1,0,0,1000
ideo,Slightly liberal,diff_dem_type_u,-0.14935756572267492,0.026527635272832098,-0.2026162663019391,-0.09975169253243993,-0.15014585870275018,-0.15037313189286206,0,1,0,1000
ideo,Slightly liberal,diff_dem_type_v,-0.2414166655240909,0.03163026295568659,-0.30387620712149777,-0.17610907358837216,-0.23988629750308244,-0.24073765325951438,0,1,0,1000
Education,<HS,(Intercept),0.5000000000000056,0.041498880044958206,0.4138400742951235,0.5774119994398212,0.4992339527727609,0.49915386478809187,1,0,0,1000
Education,<HS,diff_dem_type_u,-0.13499865907932915,0.0561029419617222,-0.24191709533371078,-0.022460405763567552,-0.133810692468114,-0.13417223437686396,0.014,0.986,0,1000
Education,<HS,diff_dem_type_v,-0.2510029861749398,0.0675842653576083,-0.3807984513575282,-0.12064592334609547,-0.25447508991860074,-0.25229513070663684,0.001,0.999,0,1000
Education,Assos.,(Intercept),0.49999999999999717,0.02277452475934282,0.45546205462578404,0.5440801766362693,0.4997676993155132,0.49980367819447796,1,0,0,1000
Education,Assos.,diff_dem_type_u,-0.12827005983192905,0.028113062724936702,-0.18267297997424126,-0.07331903744722311,-0.1267880138296465,-0.12741636825788447,0,1,0,1000
Education,Assos.,diff_dem_type_v,-0.18123661378149633,0.037072947566652345,-0.24958698608666094,-0.10572392228115443,-0.1808387460848366,-0.1800930282295109,0,1,0,1000
Education,BA/BS,(Intercept),0.49999999999997485,0.013143300003876465,0.47319823053133686,0.5245239882306272,0.5002420068671931,0.4997175163727538,1,0,0,1000
Education,BA/BS,diff_dem_type_u,-0.11681566197404772,0.017172358654619805,-0.1503936635276953,-0.08301069313686057,-0.11600117268341038,-0.11647509807290524,0,1,0,1000
Education,BA/BS,diff_dem_type_v,-0.19223305170476107,0.022096166339058598,-0.23480873581038025,-0.14949300205788965,-0.19120181402739056,-0.19126405611774994,0,1,0,1000
Education,Grad,(Intercept),0.49999999999999706,0.020522682055888565,0.4606173797504608,0.5425652972985348,0.49938387162716424,0.4996835441640893,1,0,0,1000
Education,Grad,diff_dem_type_u,-0.11535314704330883,0.026546466788358765,-0.16909828568062965,-0.06570035513072317,-0.11422375119214968,-0.11471980352571286,0,1,0,1000
Education,Grad,diff_dem_type_v,-0.1882887150842047,0.03326278419781981,-0.2574825105304717,-0.12578281320039122,-0.18868808962297262,-0.18852254106683738,0,1,0,1000
Education,HS,(Intercept),0.5000000000000049,0.013301753351788343,0.47423860167477927,0.5247922669873303,0.500108025442364,0.49993343701737125,1,0,0,1000
Education,HS,diff_dem_type_u,-0.10921990806762281,0.0169624499086517,-0.143243857189152,-0.07649581802376783,-0.10845734026075998,-0.10898335072140432,0,1,0,1000
Education,HS,diff_dem_type_v,-0.1803666481810203,0.022459930859950315,-0.22356142033595894,-0.1347497721186567,-0.1805526956037033,-0.18011129248664634,0,1,0,1000
Education,Some college,(Intercept),0.49999999999998784,0.013830842415759442,0.47194799934897946,0.5266455030233421,0.500474904258525,0.49986945487902346,1,0,0,1000
Education,Some college,diff_dem_type_u,-0.12135317339510611,0.01722717613350943,-0.15398957891961573,-0.08881071403114657,-0.12128181381502462,-0.12135722994738704,0,1,0,1000
Education,Some college,diff_dem_type_v,-0.18182459947423016,0.022056853402449547,-0.22722733808515497,-0.14091986934393175,-0.1812831341599513,-0.18183214553523375,0,1,0,1000
race,Asian or Pacific Islander,(Intercept),0.5000000000000046,0.029987943135246643,0.44576377008487744,0.5635601903259251,0.5026568726171635,0.5023410470917488,1,0,0,1000
race,Asian or Pacific Islander,diff_dem_type_u,-0.10687279771584349,0.04152779392222205,-0.18930544027125695,-0.02708045741866859,-0.10881476063743023,-0.10958424718025155,0.002,0.998,0,1000
race,Asian or Pacific Islander,diff_dem_type_v,-0.12977997711279834,0.05637508572250202,-0.24194174135593732,-0.023450540735736835,-0.13390423901215193,-0.1325304800028564,0.012,0.988,0,1000
race,Black,(Intercept),0.5000000000000007,0.021666477070808488,0.45529086846615563,0.5411618108603448,0.5014684268016165,0.5002913926325651,1,0,0,1000
race,Black,diff_dem_type_u,-0.1242017902919298,0.025659274437849423,-0.17500946869165374,-0.07325297093499218,-0.12558253348207774,-0.12496038301495381,0,1,0,1000
race,Black,diff_dem_type_v,-0.19739452292101672,0.03765496434638455,-0.271238169344681,-0.1277861420355863,-0.1996836320677627,-0.1991549529041779,0,1,0,1000
race,Other,(Intercept),0.5000000000000024,0.027100835655208412,0.4469851633399808,0.5514355435541157,0.49945674208036916,0.49932793804401726,1,0,0,1000
race,Other,diff_dem_type_u,-0.13085105591021942,0.0344404201932923,-0.19723531380910023,-0.06710211106984491,-0.12763130758000338,-0.12921676945870839,0,1,0,1000
race,Other,diff_dem_type_v,-0.19695908971697193,0.043560651197193566,-0.278727293218054,-0.10692634706665474,-0.1946746290848858,-0.19478526225768944,0,1,0,1000
race,Prefer not to answer,(Intercept),0.500000000000001,0.054848296359510516,0.38747159090909167,0.6058035714285737,0.5000000000000006,0.4997069419830106,1,0,0,1000
race,Prefer not to answer,diff_dem_type_u,-0.046052631578947414,0.06436873521140579,-0.18081724218301726,0.07995221413924404,-0.04545454545454539,-0.04603594538890842,0.234,0.766,0,1000
race,Prefer not to answer,diff_dem_type_v,-0.113636363636363,0.08028724401755072,-0.27002083333333365,0.03754934210526309,-0.1101470588235293,-0.110822266083383,0.08,0.92,0,1000
race,White,(Intercept),0.5000000000000253,0.007919799399282609,0.4842786510045302,0.5146043238090925,0.4995226968961872,0.499613615294039,1,0,0,1000
race,White,diff_dem_type_u,-0.11721408583882988,0.01032749755425628,-0.13631489607919886,-0.09650589711498955,-0.1166847544477389,-0.11664572431665013,0,1,0,1000
race,White,diff_dem_type_v,-0.19049029959696825,0.012788639112057073,-0.21478609323141853,-0.16581697042887306,-0.18975658591417638,-0.18983984580899974,0,1,0,1000
hispanic,No,(Intercept),0.500000000000067,0.007198440502322106,0.4860470223704692,0.5140126770761204,0.49989987381309486,0.49994985623310645,1,0,0,1000
hispanic,No,diff_dem_type_u,-0.11876628676975355,0.009425789006980987,-0.1375179629952201,-0.1006732848236402,-0.11851315687950156,-0.11856195033655345,0,1,0,1000
hispanic,No,diff_dem_type_v,-0.19641083789872546,0.011819838851511152,-0.2195668602618057,-0.17336632619968925,-0.1959937465190219,-0.19637761998210745,0,1,0,1000
hispanic,Prefer not to answer,(Intercept),0.5000000000000013,0.05934564688149394,0.3846153846153842,0.6176664086687328,0.5000000000000007,0.5017763689868102,1,0,0,1000
hispanic,Prefer not to answer,diff_dem_type_u,0.003759398496240603,0.07591066290261682,-0.15629292582417614,0.15822704081632602,0.002981366459627411,1.9851511638695592e-4,0.517,0.483,0,1000
hispanic,Prefer not to answer,diff_dem_type_v,-0.13157894736842105,0.09529569951320656,-0.32293198529411893,0.046329365079363305,-0.13235294117647003,-0.13352268919162122,0.079,0.921,0,1000
hispanic,Yes,(Intercept),0.4999999999999907,0.02262989193777988,0.45398021611626466,0.5450036487163147,0.49842512713411313,0.4983179858571319,1,0,0,1000
hispanic,Yes,diff_dem_type_u,-0.11906174032201043,0.02850772595194858,-0.1746897950465301,-0.06340100420834496,-0.11776352204887758,-0.11757532240001091,0,1,0,1000
hispanic,Yes,diff_dem_type_v,-0.12293365824647728,0.04029267642631101,-0.19990215311316695,-0.039702205315222866,-0.121631603133693,-0.1205371072716085,0.001,0.999,0,1000
hhi_cut,"[0,25)",(Intercept),0.4999999999999995,0.01328111240334585,0.473077139547346,0.525526265445901,0.49987980565598056,0.4996694528099305,1,0,0,1000
hhi_cut,"[0,25)",diff_dem_type_u,-0.10670767223214908,0.017431445667058284,-0.13939747531646837,-0.07019681503376352,-0.10678983326293319,-0.10630525310457684,0,1,0,1000
hhi_cut,"[0,25)",diff_dem_type_v,-0.1823502525959553,0.023032316166443238,-0.22600558041834826,-0.13253926445072373,-0.18279082843796873,-0.18159032077739118,0,1,0,1000
hhi_cut,"[100,200)",(Intercept),0.49999999999998346,0.020512138570633495,0.45850075964353804,0.5395684892921526,0.5003777688804685,0.49998623213332366,1,0,0,1000
hhi_cut,"[100,200)",diff_dem_type_u,-0.14688843758797554,0.027013022467097254,-0.19682810449912466,-0.09399847176084532,-0.1461204606236881,-0.14650060433094902,0,1,0,1000
hhi_cut,"[100,200)",diff_dem_type_v,-0.24270554965600377,0.03270484589014312,-0.30535932320599884,-0.17397320579710182,-0.24251053448359977,-0.2417563569716791,0,1,0,1000
hhi_cut,"[200,201)",(Intercept),0.49999999999999983,0.10186844164871034,0.3124999999999997,0.7002083333333332,0.5000000000000002,0.5007592658770968,1,0,0,1000
hhi_cut,"[200,201)",diff_dem_type_u,-0.15306122448979592,0.12496004442572022,-0.3827295918367348,0.09378720238095206,-0.1566964285714284,-0.15400796696592392,0.106,0.894,0,1000
hhi_cut,"[200,201)",diff_dem_type_v,-0.14285714285714252,0.20738941120122292,-0.5508333333333335,0.2500000000000002,-0.16666666666666616,-0.1560442085488041,0.214,0.784,0,1000
hhi_cut,"[25,50)",(Intercept),0.49999999999997585,0.010874209724674682,0.47945750315580693,0.5208110147157712,0.49954548414242406,0.4997165909993729,1,0,0,1000
hhi_cut,"[25,50)",diff_dem_type_u,-0.11895294333893104,0.014493116467780459,-0.1472784457439085,-0.08883900580099402,-0.11904239971451934,-0.11904632722038797,0,1,0,1000
hhi_cut,"[25,50)",diff_dem_type_v,-0.1650661004845866,0.019254212676186336,-0.20272885871448568,-0.12840199805256017,-0.16424288922197836,-0.16467628519245037,0,1,0,1000
hhi_cut,"[50,75)",(Intercept),0.5000000000000053,0.015148848776850384,0.4706387629930267,0.5282649708722135,0.5000355006283306,0.4998975260753265,1,0,0,1000
hhi_cut,"[50,75)",diff_dem_type_u,-0.12528365050650572,0.019843174120870926,-0.16650251462713286,-0.08740672823561611,-0.12433950254351339,-0.12484026558244096,0,1,0,1000
hhi_cut,"[50,75)",diff_dem_type_v,-0.16926473645961282,0.025439813913187382,-0.21736547239245554,-0.11859908195235869,-0.17003668693861917,-0.1694150738355295,0,1,0,1000
hhi_cut,"[75,100)",(Intercept),0.5000000000000004,0.02280304662062655,0.45395746515629315,0.5439086118501371,0.5000533195356163,0.5001258021696074,1,0,0,1000
hhi_cut,"[75,100)",diff_dem_type_u,-0.0885884377708429,0.028254115360932065,-0.14189446749706935,-0.03320152019810237,-0.08790481746847348,-0.08824262947892308,0.002,0.998,0,1000
hhi_cut,"[75,100)",diff_dem_type_v,-0.20732246864096993,0.03713497017438884,-0.27467513033264307,-0.13378995585067116,-0.20802778862076177,-0.20707556769354837,0,1,0,1000
age_cut,"(34,49]",(Intercept),0.5000000000000003,0.015079649764566322,0.47087489032174656,0.5289719443119085,0.4991302890166128,0.499542263686034,1,0,0,1000
age_cut,"(34,49]",diff_dem_type_u,-0.09344184577794809,0.01927255120821694,-0.1305763743745901,-0.05477422720723747,-0.09244532733455545,-0.09243213056223779,0,1,0,1000
age_cut,"(34,49]",diff_dem_type_v,-0.13473897431045853,0.025576953049132795,-0.187558622258181,-0.08303263791321384,-0.13346814631839443,-0.1334489278048305,0,1,0,1000
age_cut,"(49,64]",(Intercept),0.5000000000000074,0.011912831869411894,0.476721320504255,0.5230262581721379,0.5000982878510305,0.5001249933616841,1,0,0,1000
age_cut,"(49,64]",diff_dem_type_u,-0.1262704739412623,0.015966501406181267,-0.15729942333483113,-0.09726774346594172,-0.12642071121322274,-0.12661747876284205,0,1,0,1000
age_cut,"(49,64]",diff_dem_type_v,-0.19903607791392441,0.019833448493739116,-0.23809777730155757,-0.158210593287892,-0.2000347337754304,-0.19950806906172452,0,1,0,1000
age_cut,"(64,96]",(Intercept),0.4999999999999926,0.014016177318659614,0.47192331027310824,0.5260219475182469,0.499502856391139,0.4993619478860971,1,0,0,1000
age_cut,"(64,96]",diff_dem_type_u,-0.16191598609119692,0.017646382233655437,-0.19672280936202616,-0.12909327237527932,-0.16102788607263713,-0.16138528782591197,0,1,0,1000
age_cut,"(64,96]",diff_dem_type_v,-0.23536373009500694,0.023705510383346146,-0.28256869870893303,-0.18701298571519412,-0.23553453627525073,-0.23548358098316216,0,1,0,1000
age_cut,"[18,34]",(Intercept),0.49999999999998507,0.014318529346729355,0.4710059530532084,0.5271236552975012,0.500631280181934,0.5000072483935039,1,0,0,1000
age_cut,"[18,34]",diff_dem_type_u,-0.09185030293192538,0.017594984341451347,-0.12609559408878124,-0.056416948303612185,-0.09145717703971212,-0.09154290084724828,0,1,0,1000
age_cut,"[18,34]",diff_dem_type_v,-0.18072185798145204,0.023958463383595203,-0.22821878391509726,-0.13415262413510512,-0.18046221660898146,-0.17998207549720582,0,1,0,1000
knowl_anes_total,0,(Intercept),0.49999999999999983,0.04988550279003117,0.403617218424956,0.6002202998173912,0.5010801556723871,0.5003964299420217,1,0,0,1000
knowl_anes_total,0,diff_dem_type_u,0.013245864766067731,0.05734855314091819,-0.10076424539070003,0.12408464108042014,0.012348649736319238,0.014382934317051675,0.599,0.401,0,1000
knowl_anes_total,0,diff_dem_type_v,-0.06458269335764212,0.09109241690822086,-0.22982299572990328,0.121839348260578,-0.0648793186820037,-0.06140488342237445,0.253,0.747,0,1000
knowl_anes_total,1,(Intercept),0.5000000000000019,0.03614159532921921,0.4330759590074473,0.5762909555971824,0.5009772738348859,0.5011098762988999,1,0,0,1000
knowl_anes_total,1,diff_dem_type_u,-0.08678226792195647,0.045439413782002024,-0.17803667550028357,0.0013278292070856093,-0.08703212253746165,-0.08805876121758024,0.027,0.973,0,1000
knowl_anes_total,1,diff_dem_type_v,-0.2439982714784152,0.05753883152934453,-0.35592839267209586,-0.13401618662350767,-0.24439138925321763,-0.2436956030102918,0,1,0,1000
knowl_anes_total,2,(Intercept),0.4999999999999962,0.024014574530135856,0.45382888393169885,0.5446912667860934,0.49979888441090403,0.4988777433193655,1,0,0,1000
knowl_anes_total,2,diff_dem_type_u,-0.05001532030935702,0.02836711343456898,-0.10870217175114268,0.005516910624090296,-0.04891091027991277,-0.04892241018142334,0.037,0.963,0,1000
knowl_anes_total,2,diff_dem_type_v,-0.10423762834815548,0.04199818455288344,-0.18396864209125008,-0.01940942439234447,-0.10373091552251919,-0.10310384672884772,0.008,0.992,0,1000
knowl_anes_total,3,(Intercept),0.49999999999998307,0.018451454996586805,0.464370847417136,0.5346904117690958,0.5003487860547997,0.4998915329539582,1,0,0,1000
knowl_anes_total,3,diff_dem_type_u,-0.11588468487123257,0.024476730554922412,-0.16220697792568772,-0.0652151183546255,-0.11503731497060488,-0.11525254542249166,0,1,0,1000
knowl_anes_total,3,diff_dem_type_v,-0.19653733447595684,0.029931443394549027,-0.24991253475513364,-0.137165124608535,-0.19552548572694584,-0.19523525550685683,0,1,0,1000
knowl_anes_total,4,(Intercept),0.49999999999999456,0.017185317880279886,0.4654399923047524,0.5342553010785892,0.49976386434716813,0.499972109967917,1,0,0,1000
knowl_anes_total,4,diff_dem_type_u,-0.09166196388744263,0.022535243593213513,-0.13323884824883658,-0.04883796907485692,-0.09198181898213723,-0.09100444752409684,0,1,0,1000
knowl_anes_total,4,diff_dem_type_v,-0.18062148325067806,0.02824570305080262,-0.23574628287810104,-0.12775426243641896,-0.18024218847449852,-0.1804607345077033,0,1,0,1000
knowl_anes_total,5,(Intercept),0.49999999999999484,0.018252567636222593,0.46539902793178994,0.536079187065492,0.49878682449774814,0.49965404618442383,1,0,0,1000
knowl_anes_total,5,diff_dem_type_u,-0.13007775771099717,0.023343247034712022,-0.1778895767830568,-0.0855906133609749,-0.13110077420763955,-0.13017954788615843,0,1,0,1000
knowl_anes_total,5,diff_dem_type_v,-0.20806645187791095,0.030183306752988553,-0.2665072297705866,-0.1526042641101818,-0.20728329274999352,-0.20789695672484124,0,1,0,1000
knowl_anes_total,6,(Intercept),0.49999999999999883,0.01709766020609491,0.4651484180577865,0.5321325903344385,0.5000137260598445,0.5001001021103033,1,0,0,1000
knowl_anes_total,6,diff_dem_type_u,-0.12845899508999167,0.021302751028195895,-0.1684065870038491,-0.0876665492508378,-0.1288814701229236,-0.12811570358749652,0,1,0,1000
knowl_anes_total,6,diff_dem_type_v,-0.20771026200587075,0.028196798243560313,-0.2604536117883049,-0.15307852963076068,-0.20784888883873737,-0.20750186298453493,0,1,0,1000
knowl_anes_total,7,(Intercept),0.4999999999999978,0.017811360587218057,0.4637073198707964,0.5347988630596099,0.49919167285482013,0.4996819149064917,1,0,0,1000
knowl_anes_total,7,diff_dem_type_u,-0.151224588121244,0.022700419847107037,-0.19600720787219025,-0.10782207196441355,-0.15111016571621333,-0.15069103900222025,0,1,0,1000
knowl_anes_total,7,diff_dem_type_v,-0.19077344834924403,0.03150054831407533,-0.251449458246967,-0.13016191470841226,-0.19063424426334014,-0.19075303538019017,0,1,0,1000
knowl_anes_total,8,(Intercept),0.5000000000000033,0.02144688181860489,0.4579561419587756,0.5412957264230449,0.4996068545948571,0.49969730303057486,1,0,0,1000
knowl_anes_total,8,diff_dem_type_u,-0.17277414169662572,0.025632930649466482,-0.2212458283701307,-0.12331604264500584,-0.1734786354509087,-0.1728723248741812,0,1,0,1000
knowl_anes_total,8,diff_dem_type_v,-0.1922698321083413,0.03583708678925719,-0.2645969365604397,-0.12140952732283901,-0.19328268922847774,-0.19327385886957776,0,1,0,1000
trump,Somewhat approve,(Intercept),0.5000000000000064,0.013930508076953962,0.4720545701489038,0.5287278394795476,0.5005110590096793,0.5000305842709171,1,0,0,1000
trump,Somewhat approve,diff_dem_type_u,-0.12449295123455822,0.01876333292044757,-0.15997825434235488,-0.08813481088439033,-0.12415258144867848,-0.12376214363280817,0,1,0,1000
trump,Somewhat approve,diff_dem_type_v,-0.20482281288255588,0.02231705271737478,-0.2497625116596299,-0.1622476633631162,-0.20529620797263728,-0.2051418458096179,0,1,0,1000
trump,Somewhat disapprove,(Intercept),0.4999999999999928,0.019079905158141886,0.4602610181698012,0.5387984244797213,0.49885229213447246,0.4989033423789726,1,0,0,1000
trump,Somewhat disapprove,diff_dem_type_u,-0.10898870009421088,0.023078104035788066,-0.15229431103850274,-0.06125475585102823,-0.10843485802188715,-0.10841227871255926,0,1,0,1000
trump,Somewhat disapprove,diff_dem_type_v,-0.15495158955237598,0.03135127556594029,-0.21292866398722454,-0.0951779593331106,-0.15360208749901572,-0.1533438229223507,0,1,0,1000
trump,Strongly approve,(Intercept),0.4999999999999833,0.014635186427548423,0.4731257617508417,0.5289395924749262,0.5003674062944069,0.5003435584209001,1,0,0,1000
trump,Strongly approve,diff_dem_type_u,-0.09955561569978083,0.018541850030009684,-0.13619216266539116,-0.06261206365373048,-0.09983461658658399,-0.09939248835981798,0,1,0,1000
trump,Strongly approve,diff_dem_type_v,-0.1547005715918012,0.024566227941474374,-0.201946330222911,-0.10643753457574834,-0.1544515972705764,-0.15395019256052156,0,1,0,1000
trump,Strongly disapprove,(Intercept),0.49999999999998845,0.010580086551832363,0.47943410460379277,0.5212335116871757,0.499149639753388,0.4996603719034266,1,0,0,1000
trump,Strongly disapprove,diff_dem_type_u,-0.1264521567098401,0.013559993043841922,-0.15418195856837266,-0.100274909036772,-0.12612228801830702,-0.12631063664623865,0,1,0,1000
trump,Strongly disapprove,diff_dem_type_v,-0.20943408680059653,0.018126798474247644,-0.24417727090020414,-0.17468160725893492,-0.20941565437630938,-0.20932831322990558,0,1,0,1000
gender,Female,(Intercept),0.5000000000000268,0.008927238632431111,0.48290068062643166,0.5182623031532966,0.49957170752225566,0.49968260229582506,1,0,0,1000
gender,Female,diff_dem_type_u,-0.12725010109826665,0.011841043240067841,-0.14930804613168763,-0.10351969682159874,-0.1269719051143096,-0.12674446123845323,0,1,0,1000
gender,Female,diff_dem_type_v,-0.18829522472145724,0.015187512975827077,-0.21829227625496955,-0.15854665101091947,-0.18738223763130782,-0.18779021410016358,0,1,0,1000
gender,Male,(Intercept),0.4999999999999926,0.010081307105031828,0.4796069331767967,0.5203313495508165,0.49977165297612264,0.49992383612121793,1,0,0,1000
gender,Male,diff_dem_type_u,-0.10608517222823523,0.013043486214818418,-0.13076948313106032,-0.08022193709285537,-0.10623000619324507,-0.10600817597497111,0,1,0,1000
gender,Male,diff_dem_type_v,-0.18716620601246958,0.01722363502385585,-0.22001628794034628,-0.15201247371295903,-0.18715794074692652,-0.1870744969173079,0,1,0,1000
