"UPC","DESCRIP","SIZE","NITEM","n_occasions","occ_share","total_move","avg_price"
3000001180,"QUICK QUAKER OATS","18 OZ",2500701,24656,0.998299457445947,1182873,1.86773564243997
3000001020,"QUAKER OATS REGULAR","18 OZ",2500501,24651,0.998097011903798,722051,1.86700093302503
3000001200,"QUICK QUAKER OATS","42 OZ",2500801,24632,0.997327718843631,388125,3.28324861968172
3000001040,"QUAKER OLD FASHIONED","42 OZ",2500751,24596,0.995870110940157,329933,3.28428362335339
3000001210,"QUAKER INSTANT OATME","12 OZ",2500901,24571,0.994857883229411,444931,2.91861055716088
3000001460,"QUAKER OAT VARIETY","13.3 O",2522051,24482,0.991254352579156,381552,2.91396699616044
3000001190,"QUAKER INST OATML MP","15 OZ",2522401,24436,0.989391853591384,504478,2.91412424292028
3000001380,"QUAKER INST OATML AP","12.5 O",2522151,24422,0.988825006073366,460828,2.91320694455819
1800063070,"PILS FARINA","27.5 O",2517601,24393,0.987650821928901,228102,2.37663182060427
1313006025,"MIX N EAT CREAM OF W","12 OZ",2516401,24313,0.984411693254514,227334,3.0263097931148
3000002190,"KRETSCHMER WHEAT GER","12 OZ",2519701,24290,0.983480443760628,170764,2.52434911486208
1313000612,"CREAM OF WHEAT QUICK","28 OZ",2516701,24256,0.982103814074014,200954,3.130047823219
3000001880,"QUAKER FRUIT & CREAM","12.5 O",2522321,24256,0.982103814074014,339500,2.91444302440633
3000001800,"QUAKER INST OATML PE","12.5 O",2522281,24175,0.978824196291198,209397,2.91409513960703
3000001240,"QUAKER INST OATML RS","13 OZ",2522111,24167,0.978500283423759,230713,2.91440807712997
3000007060,"QUAKER HOT OAT BRAN","16 OZ",2522001,23956,0.969957081545064,158115,2.21597136416764
1313000622,"CREAM OF WHEAT INSTA","28 OZ",2516601,23896,0.967527735039274,142712,3.12469367258119
4240000105,"QUICK MALT O MEAL","28 OZ",2518501,23896,0.967527735039274,156423,2.46707022095748
3000004170,"QUAKER Q/W HOMINY GR","24 OZ",2501201,23849,0.965624746943072,584057,1.15440857058996
3000004760,"QUAKER INSTANT GRITS","12 OZ",2501251,23650,0.957567414365536,167947,1.85224778012685
3000001760,"QUAKER VRTY INST OAT","20.75O",2522541,23590,0.955138067859746,148559,3.84236456125477
3000001820,"QUAKER INSTANT STRAW","12.5 O",2522251,23498,0.951413069884201,177590,2.9104706783556
3000001340,"QUAKER OATMEAL CINNA","12.5 O",2522201,23331,0.944651388776419,217147,2.91214007114997
1313006057,"INST CRM OF WHT-VARI","12.5 O",2516621,23312,0.943882095716252,143704,3.0217295813315
1313000698,"NABISCO CREAM OF RIC","14 OZ",2516900,22547,0.912907927767431,95227,1.7417949172839
1313000602,"NABISCO CREAM OF WHT","28 OZ",2516650,21543,0.872256862903879,86793,3.02389360813257
3000001570,"~QUAKER MAPLE OATMEA","22.5 O",2522521,20111,0.814276459632359,145525,3.77708070210333
1313006035,"~MIX N EAT BROWN SUG","12.5 O",2516441,18288,0.740464814964774,111306,3.07800907699038
1112600328,"COCO WHEATS","28 OZ",2519021,17115,0.692971090776581,67879,2.43376570260006
3828125073,"DOM QUICK OATS","18 OZ",2501031,14624,0.592112721677869,165339,1.38804978118162
3828125077,"DOM QUICK OATS","42 OZ",2501051,14472,0.585958377196534,120836,2.60307421227197
3000002350,"KRETCHMER HONEY WHT","10 OZ",2519760,14108,0.571220341728075,55523,2.40510561383612
3828125085,"DOM INSTANT OATMEAL","15 OZ",2500951,13635,0.552068993440764,123186,2.2442398239824
3828125098,"DOM INSTANT OATMEAL","13 OZ",2500931,13633,0.551988015223905,111286,2.24405413335289
3000002620,"$QUAKER KIDS CHOICE","14.3 O",2522081,13531,0.547858126164062,96660,2.97045155568694
3828125081,"DOM INSTANT OATMEAL","12 OZ",2501001,13383,0.541865738116447,78284,2.23948442053351
1313006053,"~MIX N EAT BROWN SUG","12.5 O",2516441,12191,0.493602720868086,74356,3.04286932983348
6414408004,"WHEATENA","22 OZ",2506010,10599,0.429144060247793,31302,2.29558260213228
3000001580,"QUAKER APPLE CINAMON","22 OZ",2522421,9092,0.368126973844036,51337,2.89989001319842
1313006031,"CRM OF WHT INST APPL","12.5 O",2516751,8650,0.35023078791805,33478,3.24806820809249
3000003790,"QUAKER INSTANT GRITS","12 OZ",2522601,8135,0.329378897076686,36796,1.77337307928703
3000002390,"~QUAKER MULTIGRAIN","18 OZ",2500631,8108,0.328285691149081,36680,1.97945239269857
3000002720,"KRETCHMER TOASTED WH","12 OZ",2519740,7478,0.302777552838287,20823,2.50906124632255
1313006058,"~INS CREAM OF WHEAT-","11.2 O",2516221,7424,0.300591140983076,20308,2.773671875
3828125105,"DOM APPLE & CINNAMON","12.3 O",2518001,6987,0.282897400599239,47014,2.35528982395878
3000001350,"QUAKER INST OAT & CI","16.25O",2522561,5549,0.22467406267714,38789,2.760484772031
3000001370,"QUAKER INST OAT-HONE","12.5 O",2522581,5311,0.21503765487084,29157,2.75002636038411
3000002300,"~KIDS CHOICE STRWBRY","14.1 O",2522101,5279,0.213742003401085,25396,2.92620003788596
6414408037,"MAYPO MAPLE FLAVORED","14 OZ",2506000,5097,0.206372985666856,12766,1.9458877771238
1112600399,"COCO WHEATS PREPRICE","28 OZ",2519021,4709,0.190663211596081,19794,1.97745805903589
1313000611,"QUICK CREAM OF WHEAT","14 OZ",2508360,4120,0.166815126730909,17402,1.61092961165049
3574215145,"HEALTH VALLEY FF RSN","12 OZ",2500670,4088,0.165519475261155,12687,2.67532778864971
3574215146,"HEALTH VLY FF DATE &","12 OZ",2500680,3940,0.15952708721354,10316,2.67181472081218
3000001700,"QUAKER MAPLE BR SGR","22 OZ",2522441,3854,0.156045023888574,22147,2.86276076803321
3000004370,"QUAKER QUICK GRITS","5 LB",2501270,3729,0.150983885334845,63576,2.28171627782247
3000001000,"QUAKER VARIETY OATCU","22 OZ",2522461,3694,0.149566766539801,23125,2.85694639956687
1780010045,"RALSTON INSTANT HOT","20 OZ",2508350,3579,0.14491051907037,10690,1.7476417993853
3000001590,"QUAKER OAT CUPS RAIS","22 OZ",2522591,3356,0.135881447890517,13880,2.93306912991657
3574215147,"HEALTH VLY FF TRPCL","12 OZ",2500690,3292,0.133290144951008,6986,2.67167982989064
1313006024,"~INSTANT CREAM OF WH","12.5 O",2516471,3168,0.128269495505709,14805,3.22867424242424
3000026288,"QUAKER QK N HEARTY R","10.2 O",2501081,3140,0.127135800469674,20090,3.10232484076433
3000026286,"QUAKER COOKIE BLAST-","14.8 O",2522021,3125,0.126528463843226,16429,3.0859808
3000026289,"QUAKER QK N HRTY BRW","14.8 O",2501111,3098,0.125435257915621,21436,3.09930277598451
3000026287,"QUAKER QUICK N HEART","15.2 O",2501071,3057,0.123775204469998,17830,3.09732090284593
1800063061,"~PILLS FARINA APPLES","28 OZ",2517631,3012,0.121953194590655,7253,2.29099601593625
3000004430,"QUAKER INSTANT GRITS","11.2 O",2501290,2812,0.113855372904689,13118,1.83562588904694
1313006044,"NABISCO INSTANT BANA","11.2 O",2516611,2509,0.101587173050449,21032,3.3040414507772
1313006050,"~CRM OF WHT INST GRA","12.1 O",2516731,2299,0.0930844602801846,4899,3.20216180948238
7382550022,"FANTASTIC FOODS BANA","1.6 OZ",2517040,1924,0.0779010446189975,5748,1.26300415800416
3574215185,"HEALTH VALLEY FIBER","12.5 O",2500640,1917,0.0776176208599887,3272,3.22891497130934
7382550020,"FFDS CRAN/OAT HOT CE","1.9 OZ",2517020,1744,0.0706130051016277,4889,1.26303899082569
3000002360,"QUAKER OATS PLUS FIB","19 OZ",2500621,1403,0.0568062191270548,4608,2.18791874554526
7382550019,"FANTASTIC FDS APPLE","1.9 OZ",2517060,1332,0.0539314924285367,3764,1.26242492492492
3574215180,"HEALTH VLY FRT & FTN","14 OZ",2500590,1329,0.0538100251032472,2054,3.54751693002257
3000002380,"QUAKER OATS FIBER RA","12.8 O",2500611,1255,0.0508138310794396,2403,2.86396015936255
3000001770,"QUAKER INST FRUIT/CR","18.3 O",2522560,1224,0.0495586687181148,6300,3.38885620915033
3000026135,"QUAKR POWR RNGRS INS","11.2 O",9825271,1203,0.0487083974410883,3117,3.04092269326683
7151801023,"HODGSON MILLS APL CI","16 OZ",2500570,1147,0.0464410073690177,2123,1.94615518744551
7276201213,"FAMILIA","12 OZ",2504030,960,0.0388695440926391,2260,2.63390625
1112600301,"COCO WHEATS","21 OZ",2519001,864,0.0349825896833752,2237,1.7530787037037
1600064040,"TOTAL INST OATMEAL-R","10 OZ",2504701,789,0.0319459065511377,3170,2.07524714828897
1600064060,"TOTAL OATMEAL VARIET","10.5 O",2504841,749,0.0303263422139444,2399,2.07476635514019
1600064030,"TOTAL QUICK OATMEAL-","15 OZ",2504801,728,0.029476070936918,2065,1.75737637362637
1600064070,"TOTAL OATMEAL MAPLE/","12 OZ",2504821,670,0.0271277026479877,2115,2.07311940298507
1600065240,"OATMEAL SWIRLER MAPL","12.8 O",2504921,600,0.0242934650578994,1835,2.60995
1600062870,"UNDERCOVER BEARS STR","12.6 O",2508301,385,0.0155883067454855,917,2.61615584415584
1600062890,"UNDERCOVER BEAR VARI","12.7 O",2508281,363,0.0146975463600292,876,2.61479338842975
1600065460,"OATMEAL SWIRLERS STR","12.8 O",2508341,343,0.0138877641914325,1095,2.6068804664723
1600065450,"TOTAL OATMEAL SWLR V","13.3 O",2504861,327,0.0132399384565552,1302,2.61336391437309
1600062880,"UNDERCOVER BEARS MPL","12.6 O",2508321,309,0.0125111345048182,588,2.6162783171521
7235900007,"""COTTONTAILS"" SNO-BA","3 OZ",35050,105,0.0042513563851324,5800,0.59
3000003960,"QUAKER INST GRITS DI","40 OZ",9825251,99,0.0040084217345534,4748,0.491313131313131
7235900070,"""SHAMROCK"" SNO-BALLS","3 OZ",35010,94,0.00380597619240424,9725,0.565957446808511
3574215186,"HV OAT BRAN FLAKES W","12.5 O",2503380,79,0.00319863956595676,291,3.59
3000003390,"QUAKER INST GRITS DI","40 OZ",9825251,61,0.00246983561421977,2989,0.497049180327869
4641856835,"MACKINLAY COUSCOUS B","12 OZ",960440,42,0.00170054255405296,77,1.99
